Date,Close,High,Low,Open,Volume,daily_return,volatility_20,MA20,MA50,MA100,drawdown
2021-06-01,67.72000122070312,68.87000274658203,66.41000366210938,66.68000030517578,570985,,,,,,0.0
2021-06-02,68.83000183105469,69.0,67.77999877929688,67.98999786376953,332995,0.016391030572105336,,,,,0.0
2021-06-03,68.80999755859375,69.4000015258789,68.19000244140625,68.76000213623047,351367,-0.0002906330368847021,,,,,-0.0002906330368846799
2021-06-04,69.62000274658203,69.76000213623047,68.33000183105469,68.91000366210938,326250,0.011771620647109238,,,,,0.0
2021-06-07,69.2300033569336,70.0,68.93000030517578,69.5199966430664,365621,-0.005601829564242378,,,,,-0.0056018295642423594
2021-06-08,70.05000305175781,70.2699966430664,68.47000122070312,69.29000091552734,441302,0.01184457106836323,,,,,0.0
2021-06-09,69.95999908447266,70.62000274658203,69.45999908447266,70.01000213623047,410820,-0.001284853152949239,,,,,-0.0012848531529492592
2021-06-10,70.29000091552734,70.6500015258789,68.68000030517578,69.76000213623047,492464,0.004717007366684234,,,,,0.0
2021-06-11,70.91000366210938,71.23999786376953,69.68000030517578,70.0999984741211,563575,0.008820639330011204,,,,,0.0
2021-06-14,70.87999725341797,71.77999877929688,70.6500015258789,70.6500015258789,319639,-0.0004231618550520899,,,,,-0.0004231618550520555
2021-06-15,72.12000274658203,72.48999786376953,70.80999755859375,71.16000366210938,336035,0.017494434836540007,,,,,0.0
2021-06-16,72.1500015258789,72.98999786376953,71.61000061035156,72.44999694824219,426775,0.0004159564358627854,,,,,0.0
2021-06-17,71.04000091552734,72.30000305175781,69.7699966430664,71.6500015258789,373780,-0.01538462351873171,,,,,-0.01538462351873167
2021-06-18,71.63999938964844,72.16999816894531,70.16000366210938,71.0999984741211,139584,0.008445924357947998,,,,,-0.007068636527298481
2021-06-21,73.66000366210938,73.95999908447266,71.1500015258789,71.5199966430664,123662,0.02819659812494102,,,,,0.0
2021-06-22,73.05999755859375,73.94999694824219,72.94000244140625,73.41000366210938,498555,-0.008145615988127686,,,,,-0.008145615988127726
2021-06-23,73.08000183105469,74.25,72.81999969482422,72.91000366210938,429207,0.00027380609265548195,,,,,-0.007874040214758227
2021-06-24,73.30000305175781,73.61000061035156,72.31999969482422,73.27999877929688,334833,0.0030104161903514726,,,,,-0.004887328162552705
2021-06-25,74.05000305175781,74.18000030517578,72.8499984741211,73.31999969482422,364721,0.010231923175643143,,,,,0.0
2021-06-28,72.91000366210938,74.44999694824219,72.62000274658203,73.98999786376953,354701,-0.01539499449921189,,71.16550140380859,,,-0.01539499449921192
2021-06-29,72.9800033569336,73.80999755859375,71.97000122070312,72.77999877929688,321448,0.0009600835455807477,0.010807204011557636,71.42850151062012,,,-0.014449691434534234
2021-06-30,73.47000122070312,74.13999938964844,72.81999969482422,73.47000122070312,383626,0.006714138684990489,0.010423759028729308,71.66050148010254,,,-0.007832569981790424
2021-07-01,75.2300033569336,76.22000122070312,73.38999938964844,73.5,615678,0.023955384605798935,0.011350628490471078,71.98150177001953,,,0.0
2021-07-02,75.16000366210938,75.62000274658203,74.41000366210938,75.0199966430664,377531,-0.0009304757636671157,0.011279299327992936,72.2585018157959,,,-0.0009304757636670664
2021-07-06,73.37000274658203,76.9800033569336,72.94000244140625,75.3499984741211,714044,-0.023815870520370153,0.012728691592063033,72.46550178527832,,,-0.024724186193727387
2021-07-07,72.19999694824219,74.86000061035156,71.06999969482422,73.8499984741211,607971,-0.015946650600259793,0.013218156530161874,72.57300148010253,,,-0.04027656883538003
2021-07-08,72.94000244140625,73.26000213623047,70.76000213623047,72.16999816894531,529690,0.010249383995051264,0.01333695863014412,72.72200164794921,,,-0.0304399948603257
2021-07-09,74.55999755859375,74.76000213623047,72.72000122070312,73.26000213623047,422154,0.02220996795947272,0.014066290854211703,72.93550148010254,,,-0.00890609821138726
2021-07-12,74.0999984741211,74.93000030517578,73.16000366210938,74.73999786376953,397931,-0.006169515819942961,0.014141614856538335,73.09500122070312,,,-0.015020667717521148
2021-07-13,75.25,75.5199966430664,73.68000030517578,74.18000030517578,444078,0.015519589062886974,0.014426652647329173,73.31350135803223,,,0.0
2021-07-14,73.12999725341797,75.44000244140625,72.20999908447266,75.16999816894531,528360,-0.028172793974512,0.015594276864565968,73.36400108337402,,,-0.028172793974512042
2021-07-15,71.6500015258789,72.95999908447266,71.4000015258789,72.95999908447266,368679,-0.020237874786326326,0.016290170455543512,73.33900108337403,,,-0.04784051128400125
2021-07-16,71.80999755859375,72.30000305175781,70.41000366210938,71.4800033569336,133926,0.0022330220419752855,0.015898710343831498,73.37750091552735,,,-0.04571431815822259
2021-07-19,66.41999816894531,71.66999816894531,65.62999725341797,71.48999786376953,82565,-0.07505917801000395,0.02308635485792628,73.11650085449219,,,-0.11734221702398256
2021-07-20,67.41999816894531,67.6500015258789,65.20999908447266,66.5999984741211,561629,0.015055706527669743,0.022310255901377654,72.80450057983398,,,-0.10405318047913206
2021-07-21,70.30000305175781,70.51000213623047,66.44000244140625,66.44999694824219,503030,0.04271736815530014,0.024613617690927538,72.66650085449218,,,-0.06578069034208887
2021-07-22,71.91000366210938,72.02999877929688,69.86000061035156,70.22000122070312,435181,0.022901856905556794,0.02521836387816937,72.60800094604492,,,-0.044385333393895346
2021-07-23,72.06999969482422,72.20999908447266,71.38999938964844,71.70999908447266,274778,0.002224948193114251,0.02521322293346936,72.54650077819824,,,-0.042259140268116696
2021-07-26,71.91000366210938,72.43000030517578,70.55999755859375,72.18000030517578,395743,-0.002220008788571315,0.025086711176809013,72.43950080871582,,,-0.044385333393895346
2021-07-27,71.6500015258789,72.33000183105469,71.08000183105469,72.22000122070312,333123,-0.00361566017229209,0.024872287478188117,72.37650070190429,,,-0.04784051128400125
2021-07-28,72.38999938964844,72.5999984741211,71.69999694824219,71.9000015258789,318911,0.010327953217171393,0.02499057115009121,72.34700050354004,,,-0.03800665262925664
2021-07-29,73.62000274658203,73.68000030517578,72.26000213623047,72.4000015258789,294462,0.016991343656641567,0.02524251333840273,72.35450057983398,,,-0.021661093068677327
2021-07-30,73.94999694824219,74.2300033569336,72.93000030517578,73.41000366210938,303700,0.004482398659995557,0.02465528721527707,72.29050025939941,,,-0.017275788063226744
2021-08-02,71.26000213623047,73.94999694824219,70.55000305175781,73.91000366210938,448200,-0.036375861028019485,0.025924391385666736,72.09550018310547,,,-0.05302322742550872
2021-08-03,70.55999755859375,71.95999908447266,69.19000244140625,71.5199966430664,509938,-0.009823246655234374,0.025499497925604415,71.95499992370605,,,-0.06232561383928571
2021-08-04,68.1500015258789,70.80999755859375,67.8499984741211,70.31999969482422,582924,-0.034155273754276405,0.026348292119904138,71.75250015258788,,,-0.09435213919097798
2021-08-05,69.08999633789062,69.3499984741211,67.61000061035156,68.05999755859375,416331,0.01379302701342966,0.02645057961265591,71.55999984741212,,,-0.08186051378218438
2021-08-06,68.27999877929688,70.18000030517578,67.80000305175781,69.13999938964844,537136,-0.011723803756369944,0.02587303827337263,71.24599990844726,,,-0.09262460093957642
2021-08-09,66.4800033569336,67.9000015258789,65.1500015258789,67.87999725341797,598381,-0.026361972093488895,0.026349068865436767,70.8650001525879,,,-0.11654480588792566
2021-08-10,68.29000091552734,68.9000015258789,66.55999755859375,66.8499984741211,452126,0.027226195354952187,0.026953733516682177,70.51700019836426,71.45820083618165,,-0.09249168218568314
2021-08-11,69.25,69.44999694824219,66.66999816894531,68.51000213623047,513292,0.014057681528810484,0.026653239125698207,70.32300033569337,71.48880081176758,,-0.07973421926910298
2021-08-12,69.08999633789062,69.62000274658203,68.45999908447266,69.36000061035156,352465,-0.0023105221965252776,0.02632036469840191,70.19500007629395,71.4940007019043,,-0.08186051378218438
2021-08-13,68.44000244140625,69.22000122070312,67.7699966430664,68.91000366210938,272033,-0.009407930683705934,0.02636257386396726,70.02650032043456,71.48660079956055,,-0.09049830642649502
2021-08-16,67.29000091552734,68.13999938964844,65.7300033569336,68.12999725341797,334844,-0.016803060854117646,0.0204217976941057,70.07000045776367,71.44000076293945,,-0.10578071873053364
2021-08-17,66.58999633789062,67.72000122070312,66.33000183105469,67.43000030517578,235303,-0.010402802319998017,0.020282628374622875,70.02850036621093,71.3872006225586,,-0.11508310514431064
2021-08-18,65.45999908447266,67.4800033569336,64.33999633789062,66.58000183105469,121197,-0.016969474629254244,0.01784550671165204,69.78650016784668,71.29540054321289,,-0.1300996799405627
2021-08-19,63.689998626708984,64.76000213623047,62.630001068115234,64.58000183105469,88237,-0.027039420753421917,0.017460162121038295,69.37549991607666,71.17000053405762,,-0.15362128070818626
2021-08-20,62.31999969482422,64.0999984741211,62.11000061035156,64.05000305175781,365009,-0.02151042489283783,0.01768368228709539,68.88799991607667,71.01060050964355,,-0.17182724658040904
2021-08-23,65.63999938964844,66.0,61.7400016784668,61.959999084472656,397290,0.053273422835076634,0.02225192656746371,68.57449970245361,70.90520042419433,,-0.12770764930699752
2021-08-24,67.54000091552734,67.80000305175781,65.41000366210938,65.54000091552734,335888,0.028945788292900954,0.02346413780149774,68.36899967193604,70.83840049743652,,-0.10245845959432101
2021-08-25,68.36000061035156,68.54000091552734,66.91999816894531,67.62999725341797,353742,0.012140948826012021,0.023520509013447783,68.1674997329712,70.76320045471192,,-0.09156145368303571
2021-08-26,67.41999816894531,68.30999755859375,67.0199966430664,68.0,344286,-0.013750767013069765,0.023174873613860215,67.85749950408936,70.66860038757324,,-0.10405318047913206
2021-08-27,68.73999786376953,69.05000305175781,67.5199966430664,67.75,326056,0.01957875601711656,0.02371001457358321,67.59699954986573,70.62260032653809,,-0.08651165629542151
2021-08-30,69.20999908447266,69.63999938964844,67.66999816894531,69.30000305175781,360797,0.006837376131936912,0.02248216925308094,67.49449939727783,70.57400032043456,,-0.08026579289737334
2021-08-31,68.5,69.33999633789062,68.16000366210938,69.18000030517578,325853,-0.010258620052950529,0.02249114660260579,67.39149951934814,70.47080024719239,,-0.08970099667774087
2021-09-01,68.58999633789062,69.23999786376953,67.12000274658203,68.55000305175781,399497,0.001313815151688047,0.021115634932701348,67.41349925994874,70.38140022277832,,-0.08850503205460963
2021-09-02,69.98999786376953,70.61000061035156,67.83999633789062,68.29000091552734,403314,0.020411161986103155,0.021384542860161768,67.45849933624268,70.31960014343262,,-0.06990036061435839
2021-09-03,69.29000091552734,70.52999877929688,69.05000305175781,69.76000213623047,313086,-0.010001385478031866,0.021334597614204,67.5089994430542,70.23940010070801,,-0.07920264564083264
2021-09-07,68.3499984741211,69.4800033569336,67.63999938964844,69.11000061035156,481704,-0.013566206220032018,0.020653489397278114,67.60249919891358,70.12540000915527,,-0.09169437243692899
2021-09-08,69.30000305175781,69.75,68.30999755859375,68.37000274658203,389325,0.013899116296197223,0.019987019302687915,67.6529993057251,70.05319999694824,,-0.07906972688693936
2021-09-09,68.13999938964844,69.88999938964844,67.55999755859375,69.36000061035156,556451,-0.01673886884597986,0.02010769531650429,67.59749927520753,69.95639991760254,,-0.09448505794487126
2021-09-10,69.72000122070312,69.95999908447266,67.68000030517578,67.97000122070312,411079,0.02318758211340266,0.02079144554756079,67.62899951934814,69.88139991760254,,-0.07348835587105482
2021-09-13,70.44999694824219,70.97000122070312,69.51000213623047,69.73999786376953,390939,0.010470391777937849,0.020760088695938726,67.72949924468995,69.78579978942871,,-0.06378741597020349
2021-09-14,70.45999908447266,71.22000122070312,69.9800033569336,70.63999938964844,414231,0.00014197497038659357,0.020308174372156408,67.8879991531372,69.69179969787598,,-0.06365449721631021
2021-09-15,72.61000061035156,73.13999938964844,70.6500015258789,70.76000213623047,418665,0.030513788728570912,0.020989662434571774,68.18899936676026,69.67659965515136,,-0.0350830483674211
2021-09-16,72.61000061035156,72.98999786376953,71.52999877929688,72.6500015258789,298412,0.0,0.020409201508459037,68.5464994430542,69.68479972839356,,-0.0350830483674211
2021-09-17,71.97000122070312,72.72000122070312,71.20999908447266,72.62000274658203,119933,-0.008814204438351125,0.019259407163356182,68.9604995727539,69.66539970397949,,-0.043588023645141194
2021-09-20,70.29000091552734,72.08000183105469,69.86000061035156,71.91999816894531,75837,-0.023343063452561208,0.019402533160723705,69.35899963378907,69.57999977111817,,-0.06591360909598214
2021-09-21,70.55999755859375,71.62999725341797,69.66999816894531,70.58999633789062,393403,0.0038411813849723586,0.015929744580887556,69.60499954223633,69.50919975280762,,-0.06232561383928571
2021-09-22,72.2300033569336,72.30000305175781,70.63999938964844,70.8499984741211,381061,0.023667883448451832,0.015528884925958577,69.83949966430664,69.44879981994629,,-0.0401328457550353
2021-09-23,73.30000305175781,73.5,71.61000061035156,71.97000122070312,403405,0.01481378437069547,0.0156186174072395,70.08649978637695,69.45219993591309,,-0.025913580707537374
2021-09-24,73.9800033569336,74.2699966430664,72.80999755859375,73.23999786376953,350382,0.009276947842630001,0.015112000730500398,70.41450004577636,69.49879997253419,,-0.016877031801546927
2021-09-27,75.44999694824219,75.75,74.16000366210938,74.19000244140625,417829,0.019870147669719174,0.015127170792343235,70.75,69.57159996032715,,0.0
2021-09-28,75.29000091552734,76.66999816894531,74.23999786376953,75.43000030517578,476143,-0.0021205571794071787,0.015195390817090256,71.05400009155274,69.74900001525879,,-0.002120557179407166
2021-09-29,74.83000183105469,75.79000091552734,73.73999786376953,74.37999725341797,424193,-0.006109696890411187,0.01501299695295377,71.37050018310546,69.89720008850098,,-0.008217298108213436
2021-09-30,75.02999877929688,76.06999969482422,73.13999938964844,74.77999877929688,583189,0.002672683995033509,0.015000718335795249,71.69250030517578,69.99180000305176,,-0.005566576354316175
2021-10-01,75.87999725341797,75.98999786376953,74.2300033569336,75.12000274658203,388996,0.01132878166000495,0.0146298804422377,71.9870002746582,70.07119987487793,,0.0
2021-10-04,77.62000274658203,78.37999725341797,75.31999969482422,75.9000015258789,458006,0.022931016817949068,0.014805589917981836,72.40350036621093,70.18219993591309,,0.0
2021-10-05,78.93000030517578,79.4800033569336,77.47000122070312,77.58000183105469,449617,0.01687706148208612,0.01426525307187877,72.93250045776367,70.32259986877442,,0.0
2021-10-06,77.43000030517578,79.77999877929688,76.83000183105469,79.04000091552734,459055,-0.01900418084632438,0.015324362795672624,73.33900032043456,70.43819984436035,,-0.01900418084632439
2021-10-07,78.30000305175781,78.88999938964844,74.95999908447266,77.0,545008,0.011235990483702496,0.014421117083474471,73.84700050354004,70.55639991760253,,-0.007981721157761823
2021-10-08,79.3499984741211,80.11000061035156,78.62999725341797,78.86000061035156,662010,0.013409902700376897,0.01400578486316032,74.32850036621093,70.67099983215331,,0.0
2021-10-11,80.5199966430664,82.18000030517578,79.55000305175781,79.58999633789062,653756,0.014744778720152008,0.014100518003950038,74.83200035095214,70.80239982604981,,0.0
2021-10-12,80.63999938964844,81.62000274658203,79.47000122070312,80.5,598181,0.0014903471384131173,0.01407021608304748,75.34100036621093,70.98999977111816,,0.0
2021-10-13,80.44000244140625,81.04000091552734,79.41999816894531,80.58000183105469,487220,-0.0024801209047115025,0.013048547759886777,75.73250045776368,71.18759986877441,,-0.002480120904711473
2021-10-14,81.30999755859375,81.68000030517578,80.37999725341797,80.58999633789062,399813,0.01081545363976355,0.013045184162955442,76.16750030517578,71.45079978942871,,0.0
2021-10-15,82.27999877929688,82.66000366210938,81.38999938964844,81.4800033569336,277953,0.01192966732048073,0.012644325899840068,76.68300018310546,71.71459983825683,,0.0
2021-10-18,82.44000244140625,83.87000274658203,81.83999633789062,82.5999984741211,134098,0.0019446240214291421,0.010565788797966895,77.29050025939941,71.99779991149903,,0.0
2021-10-19,82.95999908447266,83.73999786376953,81.80000305175781,82.37000274658203,82607,0.006307576754816191,0.010528323269943707,77.91050033569336,72.3273998260498,,0.0
2021-10-20,83.87000274658203,84.25,81.30000305175781,83.33999633789062,530693,0.010969186019189614,0.00990988624568939,78.49250030517578,72.6389998626709,72.04860034942627,0.0
2021-10-21,82.5,83.95999908447266,80.79000091552734,83.58000183105469,567503,-0.016334836076273618,0.01108536530282478,78.95250015258789,72.9039998626709,72.19640033721925,-0.016334836076273566
2021-10-22,83.76000213623047,84.22000122070312,81.76000213623047,82.61000061035156,465355,0.015272753166429842,0.011258718882451078,79.44150009155274,73.19739997863769,72.345700340271,-0.001311560829250663
2021-10-25,83.76000213623047,85.41000366210938,83.38999938964844,83.9800033569336,568725,0.0,0.010866948001730544,79.85700035095215,73.50379997253418,72.49520038604736,-0.001311560829250663
2021-10-26,84.6500015258789,84.87999725341797,82.97000122070312,83.72000122070312,467716,0.010625589385741652,0.010782654302921626,80.32500038146972,73.85099998474121,72.64550037384033,0.0
2021-10-27,82.66000366210938,84.51000213623047,82.01000213623047,84.38999938964844,529952,-0.023508539018291197,0.01238766487303164,80.71650047302246,74.17240013122559,72.77980037689208,-0.02350853901829117
2021-10-28,82.80999755859375,83.20999908447266,80.58000183105469,82.25,491585,0.001814588553582741,0.012397855418403108,81.10550041198731,74.51940010070801,72.90740032196045,-0.021736608790522426
2021-10-29,83.56999969482422,83.73999786376953,81.41000366210938,83.08999633789062,507309,0.009177661618607225,0.012349466402674989,81.49000053405761,74.9170001220703,73.04350032806397,-0.012758438412130603
2021-11-01,84.05000305175781,84.87999725341797,82.73999786376953,83.36000061035156,412309,0.005743728116386793,0.011605073372173223,81.8115005493164,75.35160018920898,73.18110034942627,-0.007087991297172798
2021-11-02,83.91000366210938,84.41000366210938,82.91999816894531,83.87000274658203,429608,-0.0016656678710912365,0.011262136043571604,82.06050071716308,75.7170002746582,73.31110034942627,-0.008741852928889808
2021-11-03,80.86000061035156,83.08000183105469,79.69000244140625,83.06999969482422,546577,-0.036348503380355335,0.013501021528784803,82.23200073242188,75.98340026855469,73.4109003829956,-0.044772603038508836
2021-11-04,78.80999755859375,83.41999816894531,78.25,80.18000030517578,701119,-0.025352498593666506,0.01465033792558323,82.25750045776367,76.19240020751953,73.47780033111572,-0.06899000427660679
2021-11-05,81.2699966430664,81.80000305175781,78.95999908447266,79.37000274658203,531054,0.031214302254529258,0.015962851732620593,82.35350036621094,76.46940017700196,73.5690002822876,-0.03992917686810882
2021-11-08,81.93000030517578,82.66999816894531,81.05000305175781,81.12999725341797,393953,0.008121123284993814,0.01573673307995556,82.4240005493164,76.73320022583007,73.67790027618408,-0.03213232335112925
2021-11-09,84.1500015258789,84.62999725341797,81.77999877929688,82.16000366210938,504832,0.02709631651939448,0.016786459906038723,82.59950065612793,77.0320002746582,73.80300029754639,-0.005906674435760545
2021-11-10,81.33999633789062,84.97000122070312,80.80999755859375,84.52999877929688,555215,-0.03339281208597611,0.018574507485999352,82.64450035095214,77.28880020141601,73.8798002243042,-0.03910224605225031
2021-11-11,81.58999633789062,82.33000183105469,80.19999694824219,81.41000366210938,475436,0.00307351870242889,0.01843320977698108,82.65850028991699,77.54880020141601,73.96510021209717,-0.03614890883437004
2021-11-12,80.79000091552734,81.62000274658203,79.77999877929688,81.20999908447266,390304,-0.009805067511588605,0.01835414680267602,82.58400039672851,77.76480026245117,74.0422002029419,-0.045599533854367345
2021-11-15,80.87999725341797,81.19999694824219,79.30000305175781,80.66000366210938,343484,0.0011139539159645828,0.01834866167020605,82.5060001373291,77.99660018920899,74.1180001449585,-0.0445363757177061
2021-11-16,80.76000213623047,81.80999755859375,80.02999877929688,80.93000030517578,325668,-0.0014836192045299956,0.018272504814357795,82.396000289917,78.24480026245118,74.18510013580322,-0.04595391989992109
2021-11-17,78.36000061035156,80.69000244140625,77.69000244140625,80.54000091552734,174471,-0.02971770012871533,0.019094709473942106,82.12050018310546,78.42600021362304,74.23960010528565,-0.07430597521731155
2021-11-18,79.01000213623047,79.36000061035156,77.08000183105469,78.33999633789062,83984,0.00829506790219492,0.0189982102108169,81.946000289917,78.64340026855469,74.29990009307862,-0.066627280425083
2021-11-19,76.0999984741211,79.91999816894531,75.37000274658203,78.76000213623047,623448,-0.03683082626794387,0.020050247140486463,81.56300010681153,78.77100021362304,74.3262000656128,-0.10100416890298501
2021-11-22,76.75,77.16000366210938,74.76000213623047,75.75,465768,0.008541413126308406,0.02024323021239163,81.2125,78.8970002746582,74.34140003204345,-0.09332547411075645
2021-11-23,78.5,78.86000061035156,75.30000305175781,76.45999908447266,506987,0.0228013029315961,0.020884358201214783,80.90499992370606,79.05780029296875,74.37479999542236,-0.07265211358559455
2021-11-24,78.38999938964844,79.2300033569336,77.9800033569336,78.4800033569336,328848,-0.001401281660529441,0.02035094368839966,80.69149971008301,79.17340026855469,74.42499996185303,-0.07395158917175781
2021-11-26,68.1500015258789,78.6500015258789,67.4000015258789,78.33999633789062,844630,-0.1306288805140844,0.03509653313343433,79.95849990844727,79.08420028686524,74.3845000076294,-0.19492025638009797
2021-11-29,69.94999694824219,72.93000030517578,68.86000061035156,69.2300033569336,675090,0.026412257990629184,0.03577327109199045,79.27749977111816,79.04380020141602,74.35459995269775,-0.17365628248857956
2021-11-30,66.18000030517578,71.22000122070312,64.43000030517578,70.04000091552734,722475,-0.05389559410354117,0.03701305130825981,78.38399963378906,78.96160018920898,74.27079998016357,-0.21819256807758639
2021-12-01,65.56999969482422,69.48999786376953,64.83999633789062,67.01000213623047,602447,-0.009217295369275735,0.036949211594981046,77.46699943542481,78.8618002319336,74.18549999237061,-0.2253987180995102
2021-12-02,66.5,67.48999786376953,62.43000030517578,65.62999725341797,668293,0.014183320260853893,0.03689333907531839,76.74899940490722,78.74720016479492,74.0979999923706,-0.21441230004384762
2021-12-03,66.26000213623047,69.22000122070312,65.5999984741211,67.5,449974,-0.003608990432624526,0.03670735539804968,76.12149963378906,78.60640014648438,74.02930004119872,-0.21724747853697687
2021-12-06,69.48999786376953,70.1500015258789,66.72000122070312,67.0199966430664,401060,0.04874729283736201,0.03788262069068854,75.53249969482422,78.5166000366211,74.00770000457764,-0.17909041215403534
2021-12-07,72.05000305175781,73.02999877929688,69.5199966430664,69.72000122070312,496528,0.03683990886007793,0.03901646199010084,75.03849983215332,78.4486001586914,74.01010005950928,-0.14884817775542586
2021-12-08,72.36000061035156,73.0,70.91000366210938,71.86000061035156,464846,0.004302533594218838,0.038336758783288856,74.44899978637696,78.39000015258789,74.06950008392334,-0.14518606844643808
2021-12-09,70.94000244140625,73.33999633789062,70.38999938964844,72.5199966430664,393205,-0.019624076243335065,0.0379555019739434,73.92900009155274,78.31220016479492,74.10470012664796,-0.16196100221311022
2021-12-10,71.66999816894531,72.33000183105469,70.31999969482422,70.68000030517578,397883,0.010290325661350463,0.03808135163959513,73.43300018310546,78.24500015258789,74.11840007781983,-0.1533373080089714
2021-12-13,71.29000091552734,73.0,70.70999908447266,72.04000091552734,406604,-0.005302040785911788,0.03806932687674986,72.95800018310547,78.15320022583008,74.112200050354,-0.15782634813381768
2021-12-14,70.7300033569336,72.02999877929688,69.51000213623047,71.12000274658203,359454,-0.007855204816974215,0.038040017412651235,72.45050048828125,78.0154002380371,74.0988000869751,-0.16444179466068573
2021-12-15,70.87000274658203,71.66000366210938,69.38999938964844,70.3499984741211,294337,0.0019793493991784317,0.03806932364590594,71.95600051879883,77.85420028686524,74.08840007781983,-0.1627879330289687
2021-12-16,72.37999725341797,72.98999786376953,71.02999877929688,71.4800033569336,142541,0.021306539414643444,0.0380907108788225,71.65700035095215,77.75320022583008,74.09570003509522,-0.14494984112563536
2021-12-17,70.86000061035156,72.26000213623047,69.88999938964844,71.91999816894531,78125,-0.021000230737016623,0.038187209191818706,71.2495002746582,77.60440017700195,74.08040004730225,-0.16290609175371973
2021-12-20,68.2300033569336,70.06999969482422,66.04000091552734,70.06999969482422,492217,-0.03711539981321654,0.03819986305009954,70.85600051879882,77.3820002746582,74.02650005340575,-0.19397516683948846
2021-12-21,71.12000274658203,71.55000305175781,68.55999755859375,69.20999908447266,358779,0.04235672354477105,0.039542126292700416,70.57450065612792,77.19400039672851,73.99820011138917,-0.15983459581108844
2021-12-22,72.76000213623047,73.16000366210938,70.80000305175781,71.2699966430664,306709,0.023059608075271854,0.03955104561786117,70.28750076293946,77.03640045166016,74.01320011138915,-0.1404607108720898
2021-12-23,73.79000091552734,73.94999694824219,72.2699966430664,73.02999877929688,270223,0.014156112548875166,0.039736871312754586,70.0575008392334,76.90340042114258,74.0455001449585,-0.12829297595501496
2021-12-27,75.56999969482422,76.08999633789062,72.56999969482422,73.37999725341797,268490,0.02412249298295266,0.02616984455849958,70.42850074768066,76.78860046386718,74.11970012664796,-0.1072652293842993
2021-12-28,75.9800033569336,76.91999816894531,75.52999877929688,75.97000122070312,249728,0.005425481854771652,0.025704089524291093,70.73000106811523,76.66260055541993,74.18860019683838,-0.10242171308520001
2021-12-29,76.55999755859375,77.37000274658203,75.36000061035156,76.04000091552734,283557,0.00763351113496924,0.021726785301830344,71.24900093078614,76.54500045776368,74.27140018463135,-0.09557003923752923
2021-12-30,76.98999786376953,77.44000244140625,75.77999877929688,76.58000183105469,231163,0.0056165140920581,0.021375194192282607,71.8200008392334,76.42560043334962,74.3765001296997,-0.09049029561762718
2021-12-31,75.20999908447266,77.08000183105469,74.94999694824219,76.66000366210938,237118,-0.023119870485598715,0.022433860946937403,72.25550079345703,76.25240036010742,74.44570011138916,-0.11151804218834284
2022-01-03,76.08000183105469,76.45999908447266,74.2699966430664,75.69000244140625,317628,0.011567647349721266,0.02233356313641511,72.74650077819824,76.12400039672852,74.51400012969971,-0.10124039622378776
2022-01-04,76.98999786376953,77.63999938964844,75.69999694824219,76.0199966430664,372848,0.011961041151597351,0.02013578533032539,73.12150077819824,75.9886003112793,74.5930001449585,-0.09049029561762718
2022-01-05,77.8499984741211,78.58000183105469,76.51000213623047,77.18000030517578,397898,0.011170290092400004,0.0187950690815334,73.4115005493164,75.8704002380371,74.68710010528565,-0.08033080837782311
2022-01-06,79.45999908447266,80.23999786376953,76.7300033569336,77.23999786376953,476665,0.020680804648785633,0.019160070535811247,73.76650047302246,75.76660018920899,74.8088000869751,-0.06131130948437822
2022-01-07,78.9000015258789,80.47000122070312,78.5199966430664,79.62000274658203,414434,-0.007047540461187607,0.01850935888554567,74.1645004272461,75.69140014648437,74.93190013885499,-0.06792675601124626
2022-01-10,78.2300033569336,79.44999694824219,77.83000183105469,78.87999725341797,389956,-0.008491738352191969,0.01872839156521712,74.49250068664551,75.59980026245117,75.05960018157958,-0.07584167812427756
2022-01-11,81.22000122070312,81.58999633789062,78.36000061035156,78.41999816894531,481815,0.038220602524166036,0.020007607860378807,74.9890007019043,75.55280029296875,75.23490020751953,-0.0405197902344653
2022-01-12,82.63999938964844,83.0999984741211,81.16999816894531,81.37999725341797,420619,0.017483355671057854,0.019836860505225175,75.58450050354004,75.52460021972657,75.43810020446777,-0.023744856467793184
2022-01-13,82.12000274658203,82.94000244140625,81.38999938964844,82.81999969482422,364769,-0.006292311797034489,0.020053995370616504,76.14700050354004,75.48880020141601,75.60290023803711,-0.02988775822435647
2022-01-14,83.81999969482422,84.44999694824219,81.58000183105469,81.7300033569336,364442,0.02070137471242295,0.02003264680381415,76.71900062561035,75.54800018310547,75.76570022583007,-0.00980510119425033
2022-01-18,85.43000030517578,86.62999725341797,83.5,84.31999969482422,163643,0.01920783364606682,0.019007520802098696,77.44750061035157,75.68040023803711,75.93640022277832,0.0
2022-01-19,86.95999908447266,87.91000366210938,85.7699966430664,86.61000061035156,113153,0.017909385155464808,0.015565875056284975,78.38400039672851,75.79420028686523,76.1318002319336,0.0
2022-01-20,86.9000015258789,87.81999969482422,86.0,86.2300033569336,532202,-0.0006899443333189259,0.01410057346568557,79.17300033569336,75.8936003112793,76.31340026855469,-0.0006899443333189156
2022-01-21,85.13999938964844,85.55999755859375,82.77999877929688,84.56999969482422,509103,-0.02025318878396498,0.015291523012907404,79.79200019836426,75.91340026855468,76.47270027160644,-0.020929159544450744
2022-01-24,83.30999755859375,86.08999633789062,81.9000015258789,84.91000366210938,511695,-0.0214940315265868,0.016561051941907174,80.26800003051758,75.95280029296875,76.62080024719238,-0.04197333905596419
2022-01-25,85.5999984741211,85.70999908447266,82.98999786376953,84.1500015258789,507219,0.027487708349970053,0.016768359974556293,80.76949996948242,76.03300033569336,76.7909002685547,-0.01563938160843887
2022-01-26,87.3499984741211,87.94999694824219,85.01000213623047,85.26000213623047,459642,0.020443925598071955,0.017056978376453955,81.3379997253418,76.16420028686524,76.9645002746582,0.0
2022-01-27,86.61000061035156,88.54000091552734,86.19999694824219,87.1500015258789,427804,-0.00847164140465062,0.017408727698822714,81.84049987792969,76.2788003540039,77.13770027160645,-0.008471641404650603
2022-01-28,86.81999969482422,88.83999633789062,86.44000244140625,87.5,436172,0.0024246516914070426,0.017430225355259996,82.33199996948242,76.40000030517578,77.32240028381348,-0.0060675304929043135
2022-01-31,88.1500015258789,88.38999938964844,86.33999633789062,87.44999694824219,359080,0.015319072054016392,0.016099003047186738,82.97900009155273,76.59580032348633,77.51090026855469,0.0
2022-02-01,88.19999694824219,88.87000274658203,86.55000305175781,88.1500015258789,376841,0.0005671630345758238,0.016161796445720716,83.5849998474121,76.77960021972656,77.71150024414062,0.0
2022-02-02,88.26000213623047,89.72000122070312,87.0999984741211,88.3499984741211,456863,0.0006803309531120405,0.01619625993591736,84.14850006103515,77.02280029296875,77.8969002532959,0.0
2022-02-03,90.2699966430664,90.44999694824219,86.75,87.9800033569336,465771,0.022773560595811926,0.01655811941058623,84.76949996948242,77.29320022583008,78.09510025024414,0.0
2022-02-04,92.30999755859375,93.16999816894531,90.06999969482422,90.19000244140625,410926,0.02259888103899721,0.01664346136835149,85.41199989318848,77.56940017700195,78.31360023498536,0.0
2022-02-07,91.31999969482422,92.7300033569336,90.7300033569336,91.81999969482422,497754,-0.010724709023430812,0.016833637935617648,86.03299980163574,77.82800018310547,78.50070022583007,-0.010724709023430862
2022-02-08,89.36000061035156,91.68000030517578,88.51000213623047,91.63999938964844,467386,-0.021462977343655654,0.017708136331609094,86.58949966430664,78.25220016479493,78.66820022583008,-0.03195750218029935
2022-02-09,89.66000366210938,90.58000183105469,88.41000366210938,89.86000061035156,445618,0.0033572409322819574,0.016097245862632937,87.01149978637696,78.64640029907227,78.84510025024414,-0.028707550282430588
2022-02-10,89.87999725341797,91.73999786376953,89.02999877929688,90.01000213623047,492091,0.002453642452856286,0.015836356385534385,87.37349967956543,79.1204002380371,79.04100021362305,-0.026324345893664867
2022-02-11,93.0999984741211,94.66000366210938,89.19000244140625,90.0,554423,0.035825559847585176,0.01709989875623822,87.92249946594238,79.67100021362305,79.26640022277832,0.0
2022-02-14,95.45999908447266,95.81999969482422,92.08999633789062,93.91000366210938,467071,0.025349093974556425,0.017333993231569988,88.5044994354248,80.2502001953125,79.49870018005372,0.0
2022-02-15,92.06999969482422,95.16999816894531,90.66000366210938,94.83000183105469,442641,-0.035512250389282185,0.01944055855245301,88.83649940490723,80.76640014648437,79.68640014648437,-0.03551225038928215
2022-02-16,93.66000366210938,95.01000213623047,90.0,92.20999908447266,401453,0.017269512029492784,0.0194168520597227,89.17149963378907,81.24980026245117,79.88320014953614,-0.01885601759508151
2022-02-17,91.76000213623047,93.36000061035156,90.62000274658203,90.9000015258789,212552,-0.020286156860866766,0.02014141623273188,89.41449966430665,81.64400024414063,80.04630020141602,-0.03875965832524319
2022-02-18,91.06999969482422,92.66000366210938,89.02999877929688,91.62999725341797,150382,-0.0075196428219546085,0.019563403205947922,89.71099967956543,82.01820022583007,80.20410018920899,-0.04598784236069102
2022-02-22,92.3499984741211,96.0,90.3499984741211,91.75,789041,0.014055109076382521,0.01876656361165181,90.16299972534179,82.44640014648438,80.37930015563965,-0.03257909742487552
2022-02-23,92.0999984741211,93.9000015258789,90.63999938964844,91.73999786376953,440574,-0.0027070926272950713,0.018092777815476493,90.4879997253418,82.85500015258789,80.55000015258788,-0.03519799541772774
2022-02-24,92.80999755859375,100.54000091552734,91.44999694824219,92.5199966430664,872244,0.007709002130680265,0.017696753295280365,90.76099967956543,83.28540008544923,80.71930015563964,-0.027760334708718328
2022-02-25,91.58999633789062,95.63999938964844,90.05999755859375,93.31999969482422,523793,-0.01314514872099748,0.01788858807074459,91.00999946594239,83.70259994506836,80.85900009155273,-0.04054056970142501
2022-02-28,95.72000122070312,99.0999984741211,94.43000030517578,94.98999786376953,490796,0.045092314094830055,0.02021541394800377,91.45499954223632,84.19959991455079,81.026900100708,0.0
2022-03-01,103.41000366210938,106.77999877929688,95.31999969482422,96.08999633789062,698814,0.08033851173565365,0.026269477402892538,92.21799964904785,84.82020004272461,81.28670013427734,0.0
2022-03-02,110.5999984741211,112.51000213623047,105.18000030517578,107.12000274658203,651853,0.06952900645381388,0.029520841336409503,93.3379997253418,85.615,81.60970008850097,0.0
2022-03-03,107.66999816894531,116.56999969482422,106.43000030517578,111.33000183105469,592031,-0.02649186569257833,0.030661941543408122,94.30849952697754,86.40379989624023,81.89290008544921,-0.026491865692578304
2022-03-04,115.68000030517578,116.0199966430664,107.25,107.95999908447266,493875,0.07439400271616936,0.03377108945009978,95.57899971008301,87.29499984741211,82.2445001220703,0.0
2022-03-07,119.4000015258789,130.5,115.54000091552734,121.33000183105469,576022,0.0321576868161253,0.03398098263027209,96.93349990844726,88.22779983520508,82.63210014343262,0.0
2022-03-08,123.69999694824219,129.44000244140625,117.06999969482422,120.66999816894531,583106,0.03601336153610757,0.03383529820376994,98.55249977111816,89.22599975585938,83.06470008850097,0.0
2022-03-09,108.69999694824219,126.83999633789062,103.62999725341797,124.66000366210938,594773,-0.12126111859385258,0.04510522120751876,99.51949958801269,89.88859970092773,83.33860008239746,-0.1212611185938526
2022-03-10,106.0199966430664,114.87999725341797,105.52999877929688,110.41000366210938,437924,-0.024655017299143767,0.04577939480963321,100.33749923706054,90.48939956665039,83.57600006103516,-0.14292644091635137
2022-03-11,109.33000183105469,110.29000091552734,104.4800033569336,105.98999786376953,368194,0.03122057435194936,0.04600003722009689,101.30999946594238,91.1447996520996,83.84490005493164,-0.11616811213989041
2022-03-14,103.01000213623047,109.72000122070312,99.76000213623047,109.41999816894531,344184,-0.05780663668688468,0.04804558480424615,101.80549964904785,91.66519973754883,84.04540008544922,-0.1672594609737032
2022-03-15,96.44000244140625,102.58000183105469,93.52999877929688,102.27999877929688,401690,-0.06378021122779332,0.05025735779497821,101.85449981689453,92.0897998046875,84.17110008239746,-0.22037182845074685
2022-03-16,95.04000091552734,99.22000122070312,94.06999969482422,95.2300033569336,293947,-0.014516813463681721,0.04965414186652312,102.00299987792968,92.46899978637695,84.29650009155273,-0.23168954518815862
2022-03-17,102.9800033569336,104.23999786376953,94.8499984741211,95.33999633789062,210763,0.08354379592718453,0.052784722111253894,102.4689998626709,92.98879989624024,84.48870010375977,-0.1675019733426358
2022-03-18,104.69999694824219,106.27999877929688,102.30000305175781,103.62000274658203,74247,0.01670220950903456,0.052458761652753795,103.11599960327149,93.52579986572266,84.69810005187988,-0.15359741688554662
2022-03-21,112.12000274658203,112.69000244140625,104.08000183105469,105.12999725341797,77217,0.07086920739842895,0.05414395587169719,104.16849975585937,94.17899993896485,84.97280006408691,-0.09361353668024251
2022-03-22,111.76000213623047,115.01000213623047,109.30000305175781,112.9000015258789,318629,-0.0032108508877336517,0.05424471969256429,105.13899993896484,94.83619995117188,85.26380004882813,-0.09652380846062251
2022-03-23,114.93000030517578,115.4000015258789,108.37999725341797,108.8499984741211,289182,0.028364335257270445,0.05427642821569351,106.28050003051757,95.57019989013672,85.58500007629395,-0.07089730686683764
2022-03-24,112.33999633789062,116.63999938964844,110.61000061035156,114.47000122070312,307238,-0.022535490824048265,0.05483693680917875,107.25699996948242,96.19259979248046,85.8727000427246,-0.09183509208253858
2022-03-25,113.9000015258789,114.12000274658203,108.68000030517578,111.75,320304,0.01388646287023354,0.054541770373510774,108.37250022888183,96.81779983520508,86.17120002746582,-0.07922389380869375
2022-03-28,105.95999908447266,112.93000030517578,102.83000183105469,112.91999816894531,372251,-0.06971029266933082,0.05690894766289012,108.8845001220703,97.29459976196289,86.39169998168946,-0.14341146565421659
2022-03-29,104.23999786376953,107.83999633789062,98.44000244140625,103.47000122070312,387200,-0.01623255224202025,0.05436801749815278,108.92599983215332,97.7029997253418,86.62549995422363,-0.1573160837879001
2022-03-30,107.81999969482422,108.75,104.55000305175781,105.23999786376953,284544,0.034343840218928,0.052602489831134885,108.78699989318848,98.15079971313476,86.91559997558593,-0.12837508201445133
2022-03-31,100.27999877929688,107.80000305175781,99.66000366210938,107.44999694824219,450845,-0.06993137578249586,0.05461504969362242,108.41749992370606,98.41719970703124,87.10569999694825,-0.18932901169548588
2022-04-01,99.2699966430664,101.75,97.77999877929688,101.2300033569336,324777,-0.010071820388164898,0.05156882950102107,107.59699974060058,98.664599609375,87.27909996032714,-0.19749394428358502
2022-04-04,103.27999877929688,103.94000244140625,98.05000305175781,98.94999694824219,288131,0.04039490552869429,0.05192406922690098,106.79099960327149,99.02739959716797,87.47039993286133,-0.16507678797671535
2022-04-05,101.95999908447266,105.58999633789062,99.87999725341797,103.66000366210938,280283,-0.012780787281426842,0.050988037733646956,105.70399971008301,99.40039962768554,87.67659996032715,-0.1757477639459106
2022-04-06,96.2300033569336,104.0199966430664,95.7300033569336,101.23999786376953,366036,-0.05619846782061888,0.04514643325488499,105.08050003051758,99.6129997253418,87.82300003051758,-0.22206947670986948
2022-04-07,96.02999877929688,98.81999969482422,93.80999755859375,97.16000366210938,367318,-0.0020784014409193086,0.04491353768249232,104.5810001373291,99.7865997314453,87.97540000915528,-0.22368632863041077
2022-04-08,98.26000213623047,98.76000213623047,95.29000091552734,97.16999816894531,310082,0.023221945072172234,0.04461827289582496,104.02750015258789,100.0195997619629,88.14920005798339,-0.20565881519508986
2022-04-11,94.29000091552734,98.5199966430664,92.93000030517578,98.4000015258789,315873,-0.04040302396084827,0.04368125977826303,103.59150009155273,100.16899978637696,88.28450004577637,-0.23775260111785126
2022-04-12,100.5999984741211,101.3499984741211,94.83999633789062,95.16999816894531,329037,0.06692117400917996,0.04396524022532831,103.79949989318848,100.4179997253418,88.50690002441407,-0.18674211029921414
2022-04-13,104.25,104.47000122070312,99.87000274658203,100.91000366210938,312502,0.03628232188112657,0.04436381587245671,104.2599998474121,100.73899978637695,88.75930000305176,-0.15723522577272447
2022-04-14,106.94999694824219,107.63999938964844,102.12000274658203,104.19999694824219,244952,0.02589925130208326,0.04075724290791487,104.45849952697753,101.1127996826172,89.06779998779297,-0.13540824909646873
2022-04-18,108.20999908447266,109.80999755859375,106.0,107.02999877929688,68489,0.011781226481383023,0.04068296458889455,104.63399963378906,101.47159973144531,89.3823999786377,-0.1252222978651387
2022-04-19,102.55999755859375,108.91999816894531,102.0999984741211,107.75,71792,-0.05221330351798925,0.03906409937600459,104.15599937438965,101.67659973144531,89.62299995422363,-0.17089733153747538
2022-04-20,102.75,104.16000366210938,100.69999694824219,103.05000305175781,299028,0.0018525979517276525,0.03908393172561208,103.70549926757812,101.90519973754883,89.86659996032715,-0.16936133763210973
2022-04-21,103.79000091552734,105.41999816894531,102.01000213623047,102.5,280321,0.01012166341145826,0.03851079177226309,103.1484992980957,102.19379974365235,90.22299995422364,-0.16095389267507795
2022-04-22,102.06999969482422,104.22000122070312,101.05999755859375,104.06999969482422,246116,-0.016571935692562545,0.03838564318206446,102.63499946594239,102.44199966430664,90.54419998168946,-0.17485851080876147
2022-04-25,98.54000091552734,101.55000305175781,95.27999877929688,101.37999725341797,328153,-0.03458409708877341,0.03872064635650345,101.8669994354248,102.61519973754883,90.86779998779296,-0.20339528418292638
2022-04-26,101.69999694824219,102.77999877929688,97.05999755859375,98.63999938964844,351850,0.03206815509798622,0.03660605586533568,101.65399932861328,102.78719970703125,91.22909996032715,-0.17784964060431713
2022-04-27,102.0199966430664,102.98999786376953,99.80000305175781,101.76000213623047,278781,0.00314650643487302,0.03644917022127738,101.54299926757812,102.91839965820313,91.58429992675781,-0.1752627392080454
2022-04-28,105.36000061035156,105.68000030517578,100.12999725341797,102.11000061035156,312064,0.03273871865503697,0.03637023165137879,101.4199993133545,103.18419967651367,91.97529991149902,-0.14826189806265183
2022-04-29,104.69000244140625,107.98999786376953,103.77999877929688,105.16999816894531,294386,-0.006359132166514847,0.032563457323501244,101.64049949645997,103.40479965209961,92.32729995727539,-0.15367821322412795
2022-05-02,105.16999816894531,105.94000244140625,100.27999877929688,104.0,261878,0.004584924217646336,0.032426523434286515,101.93549957275391,103.67299957275391,92.65849990844727,-0.1497978919680175
2022-05-03,102.41000366210938,105.80000305175781,102.0999984741211,105.08000183105469,239266,-0.026243173479971738,0.031842540905556806,101.89199981689453,103.8997996520996,92.95899993896484,-0.17210989338213845
2022-05-04,107.80999755859375,108.61000061035156,102.94999694824219,103.5,272909,0.052729164177174104,0.033763627905494975,102.18449974060059,104.20899963378906,93.32769989013671,-0.12845594002962696
2022-05-05,108.26000213623047,111.37000274658203,106.44999694824219,107.58000183105469,286916,0.004174052386858973,0.030722801783777173,102.78599967956544,104.53219970703125,93.69359992980957,-0.12481806946585479
2022-05-06,109.7699966430664,111.18000030517578,107.23999786376953,108.69999694824219,294278,0.013947852180307585,0.03070029814011729,103.4729995727539,104.8713996887207,94.07839988708496,-0.11261116126788821
2022-05-09,103.08999633789062,110.48999786376953,102.12999725341797,110.43000030517578,368183,-0.060854518624946285,0.03396694998847397,103.71449928283691,105.1013996887207,94.40199981689453,-0.166612781882081
2022-05-10,99.76000213623047,104.16000366210938,98.86000061035156,102.6500015258789,389750,-0.03230181705260393,0.033467367967507114,103.98799934387208,105.18219970703124,94.69089981079101,-0.1935327033357046
2022-05-11,105.70999908447266,106.44000244140625,98.19999694824219,99.0,382701,0.05964311167633074,0.03277217085656033,104.24349937438964,105.22819961547852,95.02419982910156,-0.14543248429744746
2022-05-12,106.12999725341797,107.37000274658203,102.66000366210938,105.62999725341797,323547,0.003973116758895223,0.03182750908749142,104.33749923706054,105.13879959106445,95.37689979553222,-0.14203718777920224
2022-05-13,110.48999786376953,110.63999938964844,106.29000091552734,106.6500015258789,240989,0.04108169907835513,0.03261451480084779,104.51449928283691,105.19519958496093,95.79949974060058,-0.1067906177071282
2022-05-16,114.19999694824219,114.9000015258789,108.11000061035156,110.9800033569336,289127,0.03357769170243774,0.033310525866904195,104.81399917602539,105.16559951782227,96.23029968261719,-0.07679870844277331
2022-05-17,112.4000015258789,115.55999755859375,111.75,113.87000274658203,252630,-0.015761781702840816,0.031037199365217944,105.30599937438964,105.02559951782227,96.62669967651367,-0.09135000566807902
2022-05-18,109.58999633789062,115.41999816894531,108.45999908447266,113.66000366210938,103669,-0.02500004581709292,0.03175521167068811,105.64799919128419,104.74339950561523,96.98469963073731,-0.11406629715807823
2022-05-19,112.20999908447266,112.62000274658203,105.12999725341797,109.08999633789062,68511,0.023907316672444834,0.032050059295780746,106.06899909973144,104.81359954833984,97.35109962463379,-0.09288599957344468
2022-05-20,113.2300033569336,114.04000091552734,110.8499984741211,111.44999694824219,229930,0.009090137071412485,0.031678014371834956,106.62699928283692,104.95779968261719,97.72359962463379,-0.08464020897016987
2022-05-23,110.29000091552734,111.95999908447266,109.1500015258789,110.55999755859375,215623,-0.02596487109638701,0.031155769424167697,107.21449928283691,104.97699966430665,98.06089965820313,-0.10840740795107516
2022-05-24,109.7699966430664,111.43000030517578,108.61000061035156,110.41000366210938,224794,-0.004714881386747027,0.030623843343708258,107.61799926757813,105.11219955444336,98.3886996459961,-0.11261116126788821
2022-05-25,110.33000183105469,111.68000030517578,109.2300033569336,110.38999938964844,191370,0.005101623440959102,0.030623189731018376,108.03349952697754,105.38999954223632,98.73989967346192,-0.1080840375669669
2022-05-26,114.08999633789062,114.83000183105469,110.2699966430664,110.69000244140625,234752,0.0340795290894087,0.030689964142073423,108.46999931335449,105.77099945068359,99.11999961853027,-0.07768796157992244
2022-05-27,115.06999969482422,115.30000305175781,112.8499984741211,114.19999694824219,217281,0.008589739577440358,0.03059514423837285,108.98899917602539,106.01279937744141,99.50079963684082,-0.0697655413607559
2022-05-31,114.66999816894531,119.9800033569336,114.1500015258789,114.95999908447266,440796,-0.0034761582249043244,0.03065645927336162,109.4639991760254,106.21219940185547,99.86899963378906,-0.07299918352524416
2022-06-01,115.26000213623047,117.87000274658203,114.58000183105469,115.4000015258789,290530,0.0051452339470337005,0.029775524769164303,110.10649909973145,106.27499938964844,100.22699966430665,-0.06822954745539024
2022-06-02,116.87000274658203,117.7699966430664,111.19999694824219,114.80000305175781,327600,0.013968424262639223,0.02779323882729902,110.55949935913085,106.37719940185546,100.60669967651367,-0.05521418245885585
2022-06-03,118.87000274658203,120.45999908447266,115.2300033569336,117.55000305175781,240831,0.017113031171366977,0.027937667253651734,111.08999938964844,106.45599945068359,101.01309967041016,-0.03904603331300884
2022-06-06,118.5,120.98999786376953,117.62999725341797,120.81999969482422,246825,-0.003112667098787214,0.027912365194720387,111.52649955749511,106.57919952392578,101.38589965820313,-0.0420371631085645
2022-06-07,119.41000366210938,120.36000061035156,117.13999938964844,119.0999984741211,341694,0.007679355798391407,0.023336777298858413,112.34249992370606,106.6893995666504,101.75359970092774,-0.034680625642438824
2022-06-08,122.11000061035156,123.18000030517578,119.30000305175781,119.79000091552734,340591,0.022611145343251815,0.021553499742075138,113.4599998474121,107.01239959716797,102.15349967956543,-0.012853648966183094
2022-06-09,121.51000213623047,122.72000122070312,120.79000091552734,122.43000030517578,293295,-0.004913589969061327,0.018388680662705794,114.25,107.35779968261718,102.5303997039795,-0.01770408137461833
2022-06-10,120.66999816894531,122.75,118.33000183105469,121.45999908447266,352906,-0.006913043803121521,0.018646928478530694,114.97700004577636,107.6147996520996,102.88279968261719,-0.02449473608770313
2022-06-13,120.93000030517578,122.25,117.47000122070312,120.19000244140625,372403,0.002154654348021534,0.01679881073528451,115.49900016784667,108.02779968261719,103.22249969482422,-0.022392859429296603
2022-06-14,118.93000030517578,123.68000030517578,116.62000274658203,121.08999633789062,366320,-0.01653849330152035,0.01597558365107204,115.73550033569336,108.42099975585937,103.54279968261719,-0.038561008575143614
2022-06-15,115.30999755859375,119.61000061035156,114.5999984741211,119.06999969482422,301750,-0.03043809583194368,0.017136624498996604,115.8810001373291,108.6615997314453,103.84449966430664,-0.06782538073270067
2022-06-16,117.58999633789062,118.08000183105469,112.30999755859375,115.9800033569336,162543,0.01977277623424034,0.01641297803562399,116.2810001373291,108.97419967651368,104.18729965209961,-0.04939370057469017
2022-06-17,109.55999755859375,118.97000122070312,108.25,117.08000183105469,103149,-0.06828811148376057,0.022312806986393003,116.14850006103515,109.24079956054688,104.42689964294433,-0.11430880952701084
2022-06-21,110.6500015258789,112.47000122070312,108.72000122070312,110.58000183105469,427262,0.009948922887682787,0.022333967178421746,116.01949996948242,109.53319961547851,104.65989967346191,-0.10549713617069516
2022-06-22,106.19000244140625,109.76000213623047,101.52999877929688,109.54000091552734,432724,-0.040307266362120675,0.023386270165729372,115.81450004577637,109.69179962158204,104.85569969177246,-0.14155210136474267
2022-06-23,104.2699966430664,107.05000305175781,102.31999969482422,104.41999816894531,346362,-0.018080852756353072,0.02366843296092892,115.53950004577636,109.89139953613281,105.03019966125488,-0.1570735714189675
2022-06-24,107.62000274658203,108.58000183105469,103.63999938964844,103.98999786376953,321591,0.0321281884661726,0.02485477201694637,115.40400009155273,110.03179962158202,105.22489967346192,-0.12999187225839828
2022-06-27,109.56999969482422,110.54000091552734,105.5999984741211,107.22000122070312,282914,0.018119279859469373,0.023909327693636448,115.17800025939941,110.13819961547851,105.43859970092774,-0.11422795151183518
2022-06-28,111.76000213623047,112.22000122070312,109.62000274658203,110.18000030517578,306748,0.019987245117330188,0.02430115910148958,115.01250038146972,110.23439971923828,105.67359970092774,-0.09652380846062251
2022-06-29,109.77999877929688,114.05000305175781,109.22000122070312,111.86000061035156,322060,-0.01771656513141484,0.024579253489790974,114.7680004119873,110.26579971313477,105.86869972229005,-0.11253030325271257
2022-06-30,105.76000213623047,110.44999694824219,105.0999984741211,109.69999694824219,362890,-0.036618661757760296,0.0256991992500242,114.29300041198731,110.3297998046875,106.00319976806641,-0.14502825589816357
2022-07-01,108.43000030517578,109.33999633789062,104.55999755859375,106.01000213623047,305338,0.025245821813676406,0.0262317567485104,113.87100028991699,110.44339981079102,106.17429977416992,-0.12344379159084043
2022-07-05,99.5,111.44999694824219,97.43000030517578,108.80000305175781,594215,-0.08235728377794271,0.031111925952816498,112.90250015258789,110.35759979248047,106.2756997680664,-0.19563457999411113
2022-07-06,98.52999877929688,102.13999938964844,95.0999984741211,100.36000061035156,444106,-0.009748755986966118,0.03108815046971274,111.90400009155273,110.28679977416992,106.36439971923828,-0.203476142198102
2022-07-07,102.7300033569336,104.4800033569336,96.56999969482422,98.22000122070312,379861,0.042626658171838194,0.03298246819314463,111.07000007629395,110.37059982299805,106.49289978027343,-0.16952299198586668
2022-07-08,104.79000091552734,105.23999786376953,101.51000213623047,102.22000122070312,327461,0.02005254055561867,0.03286646514866066,110.20400009155273,110.43239990234375,106.6097998046875,-0.15286981810215444
2022-07-11,104.08999633789062,105.05000305175781,100.88999938964844,104.79000091552734,348566,-0.0066800703456525445,0.03286266991495406,109.33299980163574,110.47379989624024,106.69609977722168,-0.1585287073091575
2022-07-12,95.83999633789062,103.48999786376953,95.3499984741211,103.45999908447266,398552,-0.07925833692240081,0.03660047450210072,108.09149971008301,110.28339981079101,106.73379974365234,-0.22522232253577643
2022-07-13,96.30000305175781,97.95999908447266,93.66999816894531,95.88999938964844,347193,0.004799736346456029,0.03665448767891745,106.85999984741211,110.11559982299805,106.76019973754883,-0.22150359395682861
2022-07-14,95.77999877929688,97.0,90.55999755859375,96.56999969482422,387528,-0.005399836510715961,0.036645209050395006,105.70249977111817,109.92779983520508,106.8003997039795,-0.22570734727364167
2022-07-15,97.58999633789062,99.02999877929688,94.56999969482422,96.38999938964844,240766,0.018897448127604077,0.03686470202168746,104.81649971008301,109.83139968872071,106.86559967041016,-0.2110751920331603
2022-07-18,102.5999984741211,102.80000305175781,95.8499984741211,97.2699966430664,84669,0.05133725099121933,0.03872874786608558,104.06699981689454,109.72719970703125,106.96809967041015,-0.17057396115336712
2022-07-19,104.22000122070312,104.45999908447266,99.8499984741211,102.0,63149,0.01578950068883911,0.036092687709387505,103.8,109.6463996887207,107.08929969787597,-0.15747773814165708
2022-07-20,102.26000213623047,104.38999938964844,101.51000213623047,103.5999984741211,315620,-0.018806362133138244,0.03617009849387911,103.38050003051758,109.49619979858399,107.18379974365234,-0.17332251690339584
2022-07-21,96.3499984741211,99.98999786376953,94.58999633789062,99.91000366210938,318911,-0.05779389339573926,0.03730529731539555,102.88849983215331,109.3613998413086,107.23139976501464,-0.22109942723413903
2022-07-22,94.69999694824219,97.94999694824219,94.2300033569336,96.51000213623047,307568,-0.017125080975710527,0.037287152384697,102.40999984741211,109.26019973754883,107.22119972229004,-0.23443816261478168
2022-07-25,96.69999694824219,96.94000244140625,93.01000213623047,95.0999984741211,278998,0.02111932486220769,0.036801889341428036,101.86399955749512,109.07999969482422,107.15409965515137,-0.21827001346893468
2022-07-26,94.9800033569336,99.0,94.76000213623047,96.33000183105469,310043,-0.017786904297724115,0.0365059291479985,101.13449974060059,108.85699981689453,106.9978997039795,-0.23217456992602387
2022-07-27,97.26000213623047,98.58999633789062,94.30000305175781,95.5999984741211,321903,0.024005039994878352,0.036669881560963985,100.40949974060058,108.59239990234374,106.89379974365234,-0.21374288976801337
2022-07-28,96.41999816894531,99.83999633789062,96.04000091552734,98.16999816894531,318403,-0.008636684647699067,0.03657680881995063,99.741499710083,108.23679992675781,106.70119972229004,-0.22053354448109816
2022-07-29,98.62000274658203,101.87999725341797,96.41000366210938,97.30000305175781,349374,0.022816890887945362,0.036356361491481394,99.38449974060059,107.96119995117188,106.49339973449707,-0.20274854341470985
2022-08-01,93.88999938964844,98.6500015258789,92.41999816894531,98.45999908447266,365293,-0.047961906562586476,0.037057825278388745,98.65749969482422,107.64720001220704,106.19529975891113,-0.24098624328233953
2022-08-02,94.41999816894531,96.47000122070312,92.58999633789062,93.75,328538,0.005644890645886136,0.032524720968771674,98.40349960327148,107.29139999389649,106.05249977111816,-0.23670169362694518
2022-08-03,90.66000366210938,96.56999969482422,90.37999725341797,93.83000183105469,395099,-0.03982201418928433,0.033574890684069325,98.0099998474121,106.84,105.89889984130859,-0.2670977696139896
2022-08-04,88.54000091552734,91.9000015258789,87.55000305175781,90.94999694824219,334931,-0.02338410170909877,0.03199804928683861,97.3004997253418,106.405,105.69099983215332,-0.2842360299121614
2022-08-05,89.01000213623047,90.76000213623047,87.01000213623047,88.05999755859375,350016,0.005308348947856256,0.031510298116648024,96.51149978637696,105.98980010986328,105.55099983215332,-0.2804365049946323
2022-08-08,90.76000213623047,90.88999938964844,87.22000122070312,88.45999908447266,340157,0.019660711807664155,0.03209783945647341,95.84500007629394,105.5984001159668,105.49419982910156,-0.2662893744920162
2022-08-09,90.5,92.6500015258789,89.05000305175781,90.69000244140625,347045,-0.002864721574600715,0.027122325759535375,95.57800025939942,105.12660018920899,105.44879981994629,-0.26839125115042267
2022-08-10,91.93000030517578,92.43000030517578,87.66000366210938,90.51000213623047,383766,0.015801108344483783,0.027388631977968158,95.35950012207032,104.66380020141601,105.33829978942872,-0.25683102204407826
2022-08-11,94.33999633789062,95.05000305175781,91.23999786376953,91.55000305175781,341234,0.026215555582665973,0.02808320532885242,95.2875,104.25720016479492,105.2346997833252,-0.2373484343951617
2022-08-12,92.08999633789062,94.80999755859375,91.16000366210938,94.08999633789062,264953,-0.02384990552619215,0.02816546337770723,95.0125,103.79380004882813,105.03439971923828,-0.2555376021842396
2022-08-15,89.41000366210938,92.0999984741211,86.81999969482422,91.94000244140625,275443,-0.029101887092578438,0.025706422538554364,94.35300025939941,103.24460006713868,104.81089973449707,-0.277202862830144
2022-08-16,86.52999877929688,90.6500015258789,85.7300033569336,87.93000030517578,305366,-0.03221121535456328,0.025752790613194736,93.4685001373291,102.59779998779297,104.52689971923829,-0.3004850370731841
2022-08-17,88.11000061035156,89.16000366210938,85.87999725341797,87.0999984741211,230346,0.0182595845758029,0.026332484987128157,92.76100006103516,101.99,104.2845997619629,-0.28771218444558233
2022-08-18,90.5,91.45999908447266,87.31999969482422,87.38999938964844,80029,0.027125177313500615,0.024508898203647475,92.4685001373291,101.41179992675781,104.05059974670411,-0.26839125115042267
2022-08-19,90.7699966430664,92.08999633789062,88.37999725341797,90.38999938964844,58714,0.0029833883211758394,0.024303608096485785,92.27200012207031,100.78499984741211,103.89869972229003,-0.26620857815343485
2022-08-22,90.2300033569336,91.26000213623047,86.5999984741211,89.6500015258789,352665,-0.005949028380558663,0.02370441592677728,91.94850044250488,100.15939987182617,103.75859977722168,-0.2705739241474105
2022-08-23,93.73999786376953,94.22000122070312,90.41999816894531,90.55000305175781,285607,0.03890052506094932,0.025208248626844683,91.88650016784668,99.62079986572266,103.61779975891113,-0.24219886680359692
2022-08-24,94.88999938964844,95.4000015258789,92.79000091552734,93.77999877929688,320388,0.012267991808045275,0.024743683190476005,91.76800003051758,99.0999998474121,103.56389976501465,-0.23290216870941602
2022-08-25,92.5199966430664,95.76000213623047,92.29000091552734,95.3499984741211,279877,-0.02497631743941786,0.025275230381033055,91.57299995422363,98.57179977416992,103.49639976501464,-0.2520614476508187
2022-08-26,93.05999755859375,94.0199966430664,91.08000183105469,93.05999755859375,288392,0.005836585982710529,0.024684624731621873,91.29499969482421,98.12679977416992,103.39419975280762,-0.2476960399802487
2022-08-29,97.01000213623047,97.37000274658203,92.29000091552734,92.95999908447266,283463,0.042445784238815065,0.024215138470597,91.45099983215331,97.71519989013672,103.3446997833252,-0.21576390841124424
2022-08-30,91.63999938964844,97.66000366210938,90.54000091552734,96.9000015258789,386272,-0.05535514512246864,0.027358184310007666,91.31199989318847,97.35679992675782,103.29879974365234,-0.25917541107141745
2022-08-31,89.55000305175781,92.7300033569336,88.2699966430664,92.30999755859375,344147,-0.022806594847344708,0.02633733366684406,91.25649986267089,96.93479995727539,103.23399978637696,-0.27607109732406226
2022-09-01,86.61000061035156,89.62999725341797,85.9800033569336,88.83000183105469,305106,-0.03283084691473426,0.026853064974861764,91.15999984741211,96.5431999206543,103.11749977111816,-0.29983829630496756
2022-09-02,86.87000274658203,89.66000366210938,86.3499984741211,86.55999755859375,277533,0.0030019874656297407,0.0268305896010382,91.0529998779297,96.19520004272461,103.04329978942872,-0.29773641964656106
2022-09-06,86.87999725341797,90.38999938964844,86.18000030517578,86.83999633789062,420255,0.00011505130102373862,0.026395769605970117,90.85899963378907,95.78039993286133,102.90609977722168,-0.29765562330797973
2022-09-07,81.94000244140625,87.76000213623047,81.5,86.93000030517578,380781,-0.056859978915542286,0.02912525432898968,90.43099975585938,95.22779998779296,102.68299980163575,-0.3375909097581377
2022-09-08,83.54000091552734,84.25,81.19999694824219,81.91000366210938,342763,0.019526463588589893,0.029273787921168897,90.01149978637696,94.66339996337891,102.44889984130859,-0.324656402776779
2022-09-09,86.79000091552734,87.19999694824219,82.70999908447266,82.80000305175781,305188,0.03890351884585552,0.030097242818532734,89.63400001525879,94.20360000610351,102.23469985961914,-0.2983831604147776
2022-09-12,87.77999877929688,89.0999984741211,85.16000366210938,86.25,275104,0.011406819372350219,0.02988848459693003,89.4185001373291,93.84399993896484,102.08689987182618,-0.2903799438570297
2022-09-13,87.30999755859375,89.30999755859375,85.05999755859375,88.08999633789062,347998,-0.005354308808830588,0.02921790293547723,89.31349983215333,93.4215998840332,101.9324998474121,-0.29417946877455886
2022-09-14,88.4800033569336,90.19000244140625,86.18000030517578,87.94000244140625,335381,0.013400593643982717,0.028404079560323148,89.41100006103515,93.20119995117187,101.77939987182617,-0.2847210546500267
2022-09-15,85.0999984741211,89.1500015258789,84.52999877929688,88.91000366210938,235358,-0.03820077706346103,0.02943785182856,89.26049995422363,92.93259994506836,101.60969985961914,-0.3120452661795285
2022-09-16,85.11000061035156,86.58999633789062,84.2699966430664,85.16000366210938,87829,0.00011753391785918055,0.02867382028364145,88.99099998474121,92.58019989013673,101.47539985656738,-0.31196440816435284
2022-09-19,85.7300033569336,86.22000122070312,82.0999984741211,85.20999908447266,59626,0.007284722619384176,0.028734532278812924,88.73900032043457,92.19899993896485,101.3156999206543,-0.3069522597255663
2022-09-20,84.44999694824219,86.44999694824219,83.5199966430664,85.61000061035156,279813,-0.014930670227109921,0.02886189561207365,88.45,91.80619995117188,101.13999992370606,-0.3172999269872476
2022-09-21,82.94000244140625,86.68000030517578,82.48999786376953,84.25,339683,-0.017880338204883328,0.02728262099561773,87.91000022888184,91.54820007324219,100.9157999420166,-0.3295068351852142
2022-09-22,83.48999786376953,86.0,82.4000015258789,83.06999969482422,303492,0.006631244347404364,0.027115356369739232,87.34000015258789,91.29199996948242,100.70379989624024,-0.3250606311760629
2022-09-23,78.73999786376953,83.91999816894531,78.04000091552734,83.54000091552734,334271,-0.0568930425384675,0.029152052538017763,86.65100021362305,90.95119995117187,100.43949989318848,-0.3634599853974495
2022-09-26,76.70999908447266,80.30999755859375,76.25,79.2300033569336,280927,-0.025781036758586673,0.02924095013789602,85.833500289917,90.53360000610351,100.1824998474121,-0.37987064691222916
2022-09-27,78.5,79.51000213623047,76.41999816894531,76.47000122070312,283614,0.023334649157747966,0.027737938993283983,84.90800018310547,90.0516000366211,99.88939987182617,-0.36540014602550475
2022-09-28,82.1500015258789,82.33999633789062,76.55000305175781,78.08000183105469,324678,0.046496834724572,0.028346421332603865,84.43350028991699,89.61020004272461,99.62829986572265,-0.3358932614990151
2022-09-29,81.2300033569336,82.94000244140625,80.33999633789062,81.9000015258789,286126,-0.01119900367446125,0.028081665255383175,84.01750030517579,89.18960006713867,99.34289993286133,-0.34333059530372206
2022-09-30,79.48999786376953,82.55999755859375,79.13999938964844,81.73999786376953,253154,-0.021420724132169333,0.027587041955157723,83.66150016784668,88.85240005493164,99.10689994812012,-0.3573969294677569
2022-10-03,83.62999725341797,84.55999755859375,80.87000274658203,81.0199966430664,287168,0.052082016617280624,0.030285686864720964,83.49949989318847,88.63100006103515,98.94559989929199,-0.32392886566998114
2022-10-04,86.5199966430664,86.9800033569336,83.22000122070312,83.22000122070312,302549,0.034556970997991154,0.03134085381777471,83.4814998626709,88.42740005493164,98.75369987487792,-0.30056589508835974
2022-10-05,87.76000213623047,88.41999816894531,85.41999816894531,86.37000274658203,329790,0.014332010416963303,0.028418391734993827,83.7724998474121,88.28300003051758,98.56999992370605,-0.2905415982107867
2022-10-06,88.44999694824219,89.06999969482422,87.04000091552734,88.08000183105469,235296,0.007862292561714224,0.02819794224789269,84.01799964904785,88.10679992675782,98.34959991455078,-0.2849636286955536
2022-10-07,92.63999938964844,93.30999755859375,88.0,88.93000030517578,429162,0.04737142550562323,0.028818404927906247,84.31049957275391,88.03119995117187,98.13399993896485,-0.2510913364984939
2022-10-10,91.12999725341797,93.63999938964844,90.54000091552734,93.4800033569336,289508,-0.016299677743728425,0.02909109965630543,84.47799949645996,87.88139984130859,97.92129989624023,-0.26329830637305485
2022-10-11,89.3499984741211,91.3499984741211,87.91000366210938,91.13999938964844,333158,-0.019532523131181256,0.029457261924481067,84.57999954223632,87.79059982299805,97.71889991760254,-0.27768794924460355
2022-10-12,87.2699966430664,90.06999969482422,86.27999877929688,88.66999816894531,332271,-0.0232792598385676,0.029821292218845264,84.51949920654297,87.64759979248046,97.46949989318847,-0.2945028391586671
2022-10-13,89.11000061035156,89.66000366210938,85.55999755859375,87.08000183105469,298032,0.021084038479006306,0.028780553051826346,84.71999931335449,87.61659973144532,97.22829986572266,-0.2796281098726588
2022-10-14,85.61000061035156,89.7300033569336,85.19999694824219,89.2699966430664,237026,-0.0392772974528901,0.030275632737775084,84.7449993133545,87.5579997253418,96.9814998626709,-0.3079223708778911
2022-10-17,85.45999908447266,87.12000274658203,84.61000061035156,85.58999633789062,172020,-0.0017521495714224455,0.030240027845409773,84.73149909973145,87.48699966430664,96.73839988708497,-0.3091349943991485
2022-10-18,82.81999969482422,86.51000213623047,82.08999633789062,85.69999694824219,97304,-0.03089163840311937,0.030866559069942404,84.64999923706054,87.32819961547851,96.46329986572266,-0.330476946337539
2022-10-19,85.55000305175781,86.19999694824219,82.58999633789062,83.69000244140625,71309,0.03296309305714962,0.03144996783546413,84.78049926757812,87.22919967651367,96.17789993286132,-0.3084073956157563
2022-10-20,85.9800033569336,88.16999816894531,85.22000122070312,85.94000244140625,338344,0.005026303797039278,0.03143962691150974,84.90499954223633,87.11019973754883,95.88699996948242,-0.30493124108233544
2022-10-21,85.05000305175781,85.9000015258789,83.1500015258789,85.06999969482422,272803,-0.010816472073338024,0.028447438017085623,85.22049980163574,86.92439987182617,95.59080001831055,-0.31244943290221805
2022-10-24,84.58000183105469,85.91999816894531,82.62999725341797,85.23999786376953,250726,-0.0055261752361972505,0.02767229204592061,85.61399993896484,86.77419998168945,95.28400001525878,-0.3162489578197472
2022-10-25,85.31999969482422,86.02999877929688,83.05999755859375,84.87999725341797,240441,0.008749087819218238,0.027361208289091964,85.95499992370605,86.69239990234375,94.96849998474121,-0.3102667599052302
2022-10-26,87.91000366210938,88.41000366210938,84.13999938964844,85.06999969482422,287182,0.03035635228022948,0.026274586287934148,86.24300003051758,86.72,94.65889999389648,-0.2893289746895293
2022-10-27,89.08000183105469,89.79000091552734,87.33000183105469,88.26000213623047,292556,0.013309044707156659,0.026113207447137812,86.63549995422363,86.73940002441407,94.36470001220704,-0.2798706222415914
2022-10-28,87.9000015258789,88.76000213623047,87.08000183105469,88.66999816894531,263404,-0.013246523135616028,0.02574013287648925,87.05600013732911,86.68740005493164,94.04959999084473,-0.28940983270470494
2022-10-31,86.52999877929688,88.6500015258789,85.30000305175781,88.38999938964844,285342,-0.015585924036402687,0.02363594307594952,87.20100021362305,86.60260009765625,93.69379997253418,-0.3004850370731841
2022-11-01,88.37000274658203,89.44999694824219,85.91999816894531,86.43000030517578,274321,0.02126434754700801,0.022845048678230107,87.29350051879882,86.56540008544921,93.3623999786377,-0.2856103077871758
2022-11-02,90.0,90.36000061035156,87.72000122070312,88.62000274658203,280961,0.0184451420477183,0.02298656363841092,87.4055004119873,86.49060012817382,93.05569999694825,-0.2724332884368844
2022-11-03,88.16999816894531,89.66999816894531,87.5999984741211,89.3499984741211,239816,-0.020333353678385402,0.02343676489885106,87.39150047302246,86.35620010375976,92.72809997558593,-0.28722715970771706
2022-11-04,92.61000061035156,92.87000274658203,87.81999969482422,87.9000015258789,354060,0.05035729311118531,0.023760992788804152,87.39000053405762,86.35800018310547,92.46489997863769,-0.25133384886742655
2022-11-07,91.79000091552734,93.73999786376953,90.4000015258789,91.0,322419,-0.008854332031313694,0.02354539395236936,87.42300071716309,86.33260025024414,92.22970001220703,-0.25796278755016006
2022-11-08,88.91000366210938,92.16999816894531,88.5199966430664,91.87000274658203,344223,-0.03137593664552174,0.024218303585424476,87.4010009765625,86.17060028076172,91.94290008544922,-0.28124490011660574
2022-11-09,85.83000183105469,89.23999786376953,85.5,88.56999969482422,388301,-0.034641791746627515,0.02491709654722988,87.32900123596191,86.05440032958984,91.70560012817383,-0.30614386460359283
2022-11-10,86.47000122070312,87.3499984741211,84.69999694824219,85.8499984741211,340007,0.0074565929860772595,0.024477170648350626,87.19700126647949,85.99280029296875,91.46380012512208,-0.3009700618110493
2022-11-11,88.95999908447266,90.0999984741211,86.18000030517578,86.2699966430664,301664,0.028796089147890003,0.02362451837115598,87.36450119018555,86.03980026245117,91.29150009155273,-0.2808407333939162
2022-11-14,85.87000274658203,89.83999633789062,85.1500015258789,89.0199966430664,315450,-0.03473467142188813,0.025023573114960576,87.38500137329102,86.01980026245117,91.10750015258789,-0.30582049421948454
2022-11-15,86.91999816894531,88.68000030517578,84.05999755859375,85.25,331709,0.012227732488398813,0.024010366328868264,87.59000129699707,86.02060028076171,90.90050010681152,-0.29733225292387144
2022-11-16,85.58999633789062,87.51000213623047,84.19999694824219,86.88999938964844,225668,-0.015301447987488226,0.023220213675755778,87.59200096130371,86.0936001586914,90.66070007324218,-0.30808408690824235
2022-11-17,81.63999938964844,85.44999694824219,81.4000015258789,85.22000122070312,138476,-0.04615021751664128,0.025388069558175005,87.37500076293945,86.05560012817382,90.35950004577637,-0.3400161568006525
2022-11-18,80.08000183105469,82.63999938964844,77.23999786376953,82.08999633789062,96583,-0.019108250493097723,0.025601607823995415,87.12650070190429,85.92140014648437,90.06250007629394,-0.352627293397903
2022-11-21,79.7300033569336,80.30000305175781,75.08000183105469,80.30000305175781,475104,-0.004370610216262061,0.025596185094819635,86.88400077819824,85.7604002380371,89.80220008850098,-0.35545670716310734
2022-11-22,80.94999694824219,82.36000061035156,79.8499984741211,80.22000122070312,269615,0.015301562021099446,0.025790790180477096,86.66550064086914,85.63320022583008,89.52740005493165,-0.3455941879924799
2022-11-23,77.94000244140625,81.94999694824219,76.83000183105469,81.08000183105469,379145,-0.03718338011501676,0.02571011326001409,86.16700057983398,85.42240020751953,89.3118000793457,-0.3699272080498317
2022-11-25,76.27999877929688,79.9000015258789,76.22000122070312,77.51000213623047,266451,-0.021298481012460013,0.02552832530805255,85.5270004272461,85.24600021362305,89.0893000793457,-0.38334680144565003
2022-11-28,77.23999786376953,77.83999633789062,73.5999984741211,75.93000030517578,405033,0.012585200574664945,0.02586904606340744,84.99400024414062,85.0886001586914,88.83440002441407,-0.3755860972568348
2022-11-29,78.19999694824219,79.6500015258789,76.29000091552734,76.54000091552734,381869,0.012428781862032556,0.02608735156402578,84.57750015258789,84.93800003051757,88.56849998474121,-0.36782539306801953
2022-11-30,80.55000305175781,81.37999725341797,78.4000015258789,79.0,287534,0.030051230117962957,0.02661669324604631,84.18650016784667,84.86000015258789,88.33310005187988,-0.34882776848037383
2022-12-01,81.22000122070312,83.33999633789062,79.93000030517578,80.4000015258789,321432,0.008317791974691735,0.026255384199714564,83.74750022888183,84.82560012817383,88.186900100708,-0.3434114533188977
2022-12-02,79.9800033569336,82.22000122070312,79.6500015258789,81.47000122070312,280235,-0.015267149041281347,0.026121644157396567,83.33800048828125,84.75540023803711,88.02370010375977,-0.35343568851987645
2022-12-05,76.93000030517578,82.72000122070312,76.7699966430664,79.98999786376953,346657,-0.03813457018932975,0.023717777101708293,82.55400047302246,84.71920028686523,87.83520011901855,-0.3780921406379309
2022-12-06,74.25,77.87999725341797,73.41000366210938,77.3499984741211,380598,-0.03483686851091139,0.024412925264151064,81.6770004272461,84.67000030517578,87.60180015563965,-0.39975746296042963
2022-12-07,72.01000213623047,75.37999725341797,71.75,74.55000305175781,392236,-0.03016832139756942,0.024359389931987836,80.83200035095214,84.5402003479004,87.29590019226075,-0.4178657727343319
2022-12-08,71.45999908447266,75.44000244140625,71.12000274658203,72.37999725341797,474459,-0.007637870232489408,0.023672106091760035,80.11350021362304,84.32640029907226,86.96830017089843,-0.4223120384200776
2022-12-09,71.0199966430664,72.91999816894531,70.08000183105469,71.8499984741211,356722,-0.006157325035592631,0.02337232456085307,79.34099998474122,84.12220016479492,86.6559001159668,-0.4258690509686741
2022-12-12,73.16999816894531,73.98999786376953,70.25,71.79000091552734,323553,0.030273185405575553,0.023501788222475492,78.55149993896484,83.99580017089843,86.42410011291504,-0.4084882783015697
2022-12-13,75.38999938964844,76.37000274658203,73.20999908447266,73.29000091552734,352858,0.030340320845399837,0.024309007834161945,78.02749977111816,83.83100021362304,86.2310001373291,-0.3905416228814244
2022-12-14,77.27999877929688,77.75,74.9000015258789,75.2699966430664,292488,0.025069629990048137,0.02498178914041262,77.54549980163574,83.64620025634765,86.03680015563965,-0.37526272687272655
2022-12-15,76.11000061035156,77.7699966430664,75.33000183105469,77.37000274658203,224663,-0.015139728098167993,0.024978496873375087,77.07150001525879,83.41320022583008,85.84810012817383,-0.3847210793206644
2022-12-16,74.29000091552734,76.56999969482422,73.33000183105469,76.37000274658203,99205,-0.02391275364904788,0.023529217901709056,76.70400009155273,83.13000030517578,85.6184001159668,-0.3994340925763214
2022-12-19,75.19000244140625,76.41000366210938,73.80999755859375,74.5,69348,0.012114706081404858,0.02354074129519116,76.45950012207031,82.78100036621093,85.4061001586914,-0.39215841312537136
2022-12-20,76.08999633789062,76.75,74.30999755859375,75.69999694824219,254792,0.011969595255509224,0.023768778985609182,76.27749977111816,82.4802003479004,85.18080009460449,-0.38488279535101566
2022-12-21,78.29000091552734,78.61000061035156,75.80000305175781,75.98999786376953,234624,0.028913190741490125,0.02447652802910153,76.14449996948242,82.25900039672851,85.02480010986328,-0.36709779428462735
2022-12-22,77.48999786376953,79.9000015258789,77.02999877929688,78.43000030517578,219142,-0.010218457560384864,0.023105006700930533,76.12199974060059,82.06340042114257,84.85550010681152,-0.3735650786136039
2022-12-23,79.55999755859375,80.33000183105469,77.9800033569336,78.18000030517578,237711,0.026713121072262203,0.02327308577454328,76.28599967956544,81.87240036010742,84.74450004577636,-0.35683104671471605
2022-12-27,79.52999877929688,81.18000030517578,79.16000366210938,79.9000015258789,199601,-0.0003770585748796851,0.02315367891026111,76.4004997253418,81.75080032348633,84.65440002441406,-0.35707355908364863
2022-12-28,78.95999908447266,79.91999816894531,77.30000305175781,79.88999938964844,207717,-0.007167103024935506,0.023091069153812323,76.43849983215333,81.62080032348632,84.55389999389648,-0.36168147912315124
2022-12-29,78.4000015258789,78.81999969482422,76.79000091552734,78.81999969482422,199858,-0.007092167744260691,0.02208090729593735,76.33099975585938,81.53240036010742,84.43029998779296,-0.36620854114747825
2022-12-30,80.26000213623047,80.66999816894531,77.70999908447266,78.7300033569336,205909,0.02372449711927116,0.022687891883415703,76.28299980163574,81.42660034179687,84.32790000915527,-0.35117215750771297
2023-01-03,76.93000030517578,81.5,76.5999984741211,80.56999969482422,338520,-0.04149017869950289,0.02429609259977703,76.13049964904785,81.24560028076172,84.17790000915528,-0.3780921406379309
2023-01-04,72.83999633789062,77.41999816894531,72.7300033569336,77.25,352434,-0.05316526648980113,0.025676922910705165,75.92599945068359,81.00140014648437,83.96290000915528,-0.41115603771301706
2023-01-05,73.66999816894531,74.91999816894531,72.45999908447266,73.25,300731,0.01139486371202536,0.024665332800957698,75.89699935913086,80.78320007324218,83.77870002746582,-0.40444624101510795
2023-01-06,73.7699966430664,75.47000122070312,73.23999786376953,73.97000122070312,258128,0.0013573839637102125,0.023628219163023424,75.98499908447266,80.55220001220704,83.62229995727539,-0.40363784589313445
2023-01-09,74.62999725341797,76.73999786376953,73.47000122070312,73.47000122070312,329290,0.011657864301019893,0.02363045297092312,76.14349899291992,80.28659988403321,83.5032999420166,-0.3966855368262927
2023-01-10,75.12000274658203,75.91999816894531,73.83999633789062,74.86000061035156,307430,0.0065657980865276855,0.02355795940860219,76.3484992980957,80.00739990234375,83.3733999633789,-0.39272429587841223
2023-01-11,77.41000366210938,77.83999633789062,74.30999755859375,74.77999877929688,350891,0.030484569113404802,0.02357084714695177,76.56049957275391,79.79759994506836,83.2425,-0.3742117577052261
2023-01-12,78.38999938964844,79.16000366210938,77.0999984741211,77.69999694824219,307705,0.01265980727525462,0.022814332960927265,76.7104995727539,79.63479995727539,83.11870002746582,-0.3662893991626539
2023-01-13,79.86000061035156,80.11000061035156,77.97000122070312,78.31999969482422,283539,0.018752407604907262,0.022522956945396418,76.83949966430664,79.46459991455077,83.015,-0.35440579967220126
2023-01-17,80.18000030517578,81.2300033569336,78.52999877929688,80.0999984741211,312275,0.004007008419465663,0.02216520927882283,77.04299964904786,79.2681999206543,82.87940002441407,-0.3518188982759295
2023-01-18,79.4800033569336,82.37999725341797,78.94000244140625,80.97000122070312,92549,-0.008730318602867326,0.02144899857486098,77.30249977111816,79.09440002441406,82.72530006408691,-0.3574777258063382
2023-01-19,80.33000183105469,81.18000030517578,78.12999725341797,79.13999938964844,58863,0.010694494693261003,0.021421671994163293,77.55949974060059,78.84880004882812,82.60340011596679,-0.3506062747546721
2023-01-20,81.30999755859375,81.63999938964844,79.69000244140625,80.5999984741211,300145,0.012199622870669558,0.021426501412942906,77.82049980163575,78.63919998168946,82.4859001159668,-0.34268391621209987
2023-01-23,81.62000274658203,82.63999938964844,81.05000305175781,81.79000091552734,297076,0.0038126330992063195,0.02058076382788706,77.98699989318848,78.4933999633789,82.33200012207031,-0.3401778111544094
2023-01-24,80.12999725341797,82.22000122070312,79.66000366210938,81.62000274658203,288207,-0.018255396263466284,0.02091360409496515,78.1189998626709,78.37939987182617,82.216900100708,-0.3522231266752134
2023-01-25,80.1500015258789,81.2300033569336,79.44999694824219,80.26000213623047,297234,0.0002496477367603944,0.020080815891560945,78.14850006103515,78.25299987792968,82.12290008544922,-0.35206141064486207
2023-01-26,81.01000213623047,82.13999938964844,79.91999816894531,80.4800033569336,291060,0.010729888883082461,0.020206606800348227,78.22250022888184,78.09399993896484,82.06690010070801,-0.3451091015780203
2023-01-27,79.68000030517578,82.4800033569336,79.04000091552734,81.22000122070312,367588,-0.016417748376528762,0.020509870319720347,78.258500289917,77.97019989013671,81.99500007629395,-0.35586093556239123
2023-01-30,77.9000015258789,80.48999786376953,77.66000366210938,80.04000091552734,327426,-0.022339342024089492,0.02108828342840077,78.23350028991699,77.78979995727539,81.90520011901856,-0.37025057843394
2023-01-31,78.87000274658203,79.25,76.55000305175781,77.91000366210938,312734,0.012451876786945704,0.02056192973333775,78.16400032043457,77.65540008544922,81.87450012207032,-0.3624090162299491
2023-02-01,76.41000366210938,79.7300033569336,76.05000305175781,79.05999755859375,360859,-0.031190554061179654,0.019591833753588594,78.13800048828125,77.55080017089844,81.80320014953614,-0.3822958322781496
2023-02-02,75.87999725341797,77.23999786376953,74.97000122070312,76.79000091552734,339755,-0.0069363484267731534,0.015255564625534321,78.29000053405761,77.4668000793457,81.69410011291504,-0.3865804436101383
2023-02-03,73.38999938964844,78.0,73.0999984741211,75.91999816894531,413414,-0.03281494404188812,0.016954928250663776,78.27600059509277,77.34,81.55020011901856,-0.40670977202727143
2023-02-06,74.11000061035156,74.51000213623047,72.25,73.2300033569336,380028,0.009810617613994488,0.01709671029171412,78.29300079345703,77.20320007324219,81.41820014953613,-0.40088922846651137
2023-02-07,77.13999938964844,77.5999984741211,74.3499984741211,74.56999969482422,408279,0.04088515388399072,0.019228579660989092,78.41850090026855,77.18720001220703,81.30480010986328,-0.3763944923788083
2023-02-08,78.47000122070312,78.56999969482422,77.08000183105469,77.48999786376953,353468,0.017241403183536397,0.019513008114338863,78.58600082397462,77.23100006103516,81.2385001373291,-0.3656426583944374
2023-02-09,78.05999755859375,78.83999633789062,76.5199966430664,78.44999694824219,324156,-0.005224973311217407,0.018406965887577082,78.61850051879883,77.24740005493165,81.16800010681152,-0.3689571585741013
2023-02-10,79.72000122070312,80.33000183105469,77.47000122070312,77.68000030517578,356062,0.021265740635763253,0.018800615123056922,78.68500061035157,77.27780014038086,81.10790008544922,-0.355537565178283
2023-02-13,80.13999938964844,80.62000274658203,78.44999694824219,79.94000244140625,301299,0.005268416489138783,0.01836764507035796,78.69900054931641,77.26960006713867,81.06480010986328,-0.3521422686600377
2023-02-14,79.05999755859375,79.61000061035156,77.45999908447266,79.05999755859375,299938,-0.013476439222361525,0.018598299315093544,78.6430004119873,77.22639999389648,81.02600006103516,-0.3608730840011778
2023-02-15,78.58999633789062,79.1500015258789,77.25,78.83000183105469,264486,-0.005944867634922413,0.018544079524203866,78.59850006103515,77.19859985351563,80.97700004577636,-0.3646726089187069
2023-02-16,78.48999786376953,79.54000091552734,77.91999816894531,78.54000091552734,117600,-0.001272407160971989,0.018359420924495776,78.50649986267089,77.2297998046875,80.97450004577637,-0.3654810040406804
2023-02-17,76.33999633789062,78.25,75.05999755859375,78.06999969482422,93267,-0.02739204464765732,0.018985312294282793,78.25799980163575,77.2715997314453,80.97080001831054,-0.3828617767077848
2023-02-21,76.16000366210938,77.51000213623047,75.69000244140625,76.52999877929688,402351,-0.002357776845895776,0.018919182996542765,77.98499984741211,77.35459976196289,80.94740005493163,-0.38431685092138046
2023-02-22,73.94999694824219,76.55000305175781,73.80000305175781,76.11000061035156,332018,-0.029017943902314935,0.019511174405030165,77.67599983215332,77.40439971923828,80.86540000915528,-0.4021827100029444
2023-02-23,75.38999938964844,75.98999786376953,73.83000183105469,73.91999816894531,333838,0.01947265045073787,0.020184283639417728,77.4379997253418,77.49179977416992,80.80699996948242,-0.3905416228814244
2023-02-24,76.31999969482422,76.62999725341797,74.08999633789062,75.5999984741211,329254,0.01233585770931156,0.020244311023934498,77.20349960327148,77.5547998046875,80.77529998779296,-0.3830234310615418
2023-02-27,75.68000030517578,76.81999969482422,74.98999786376953,76.41999816894531,266091,-0.008385736271063426,0.020038205607523545,77.00349960327148,77.56059982299804,80.69580001831055,-0.3881972338540853
2023-02-28,77.05000305175781,77.83000183105469,75.55000305175781,75.76000213623047,300093,0.01810257321693398,0.019958555271472507,76.96099967956543,77.55599990844726,80.60110008239747,-0.3771220294856061
2023-03-01,77.69000244140625,77.8499984741211,76.12000274658203,76.8499984741211,342121,0.008306286363396032,0.019839678577560707,76.90199966430664,77.58759994506836,80.50040008544921,-0.3719482266930626
2023-03-02,78.16000366210938,78.58999633789062,77.2300033569336,77.73999786376953,260331,0.006049700166473881,0.018517738717496852,76.98949966430663,77.665,80.3975001525879,-0.36814870177553344
2023-03-03,79.68000030517578,79.9000015258789,75.83000183105469,77.88999938964844,374201,0.019447243754458388,0.01883743626659358,77.17949981689453,77.7547999572754,80.26790016174317,-0.35586093556239123
2023-03-06,80.45999908447266,80.62999725341797,78.31999969482422,79.91999816894531,292351,0.009789141268944146,0.016932636513887753,77.53299980163574,77.84220001220703,80.16120018005371,-0.349555367263766
2023-03-07,77.58000183105469,80.94000244140625,77.05999755859375,80.5,398241,-0.03579414971648631,0.019141239142767517,77.7064998626709,77.82800003051757,80.04350021362305,-0.37283747983021176
2023-03-08,76.66000366210938,77.7300033569336,76.11000061035156,77.31999969482422,335930,-0.011858702593856352,0.017093099162200257,77.68250007629395,77.81140014648437,79.93740028381347,-0.3802748136349187
2023-03-09,75.72000122070312,78.05999755859375,75.43000030517578,76.5,349960,-0.012261967081940828,0.016781423323258937,77.54500007629395,77.73460021972656,79.803500289917,-0.387873863469977
2023-03-10,76.68000030517578,77.11000061035156,74.7699966430664,75.6500015258789,371834,0.012678276135713817,0.017055805245252444,77.47600021362305,77.67760025024414,79.71420028686524,-0.38011315928116174
2023-03-13,74.80000305175781,77.47000122070312,72.30000305175781,76.5999984741211,457423,-0.02451743930537087,0.017017470019697695,77.23000030517578,77.59440032958985,79.60760032653809,-0.395311197274684
2023-03-14,71.33000183105469,74.9000015258789,70.77999877929688,74.69999694824219,432858,-0.046390388758434375,0.019438072699709916,76.7895004272461,77.45300033569336,79.4927003479004,-0.42336294591098367
2023-03-15,67.61000061035156,72.55999755859375,65.6500015258789,71.55999755859375,555164,-0.052151985492920105,0.02201351978676855,76.21700057983398,77.20000030517578,79.31330032348633,-0.4534357131905142
2023-03-16,68.3499984741211,69.37999725341797,65.70999908447266,68.22000122070312,327120,0.01094509476540706,0.02239926104175036,75.7050006866455,77.02840026855469,79.1370002746582,-0.4474535152759972
2023-03-17,66.73999786376953,69.63999938964844,65.16999816894531,68.26000213623047,152255,-0.02355523988725683,0.02266694231452364,75.11750068664551,76.90640029907226,78.95390022277832,-0.4604688802725316
2023-03-20,67.63999938964844,67.69999694824219,64.12000274658203,66.62000274658203,76873,0.013485189611722737,0.022652935093230547,74.6825008392334,76.78580032348633,78.78450019836426,-0.4531932008215816
2023-03-21,69.33000183105469,69.5999984741211,66.7699966430664,67.62000274658203,409495,0.024985252168185035,0.0236727445336939,74.34100074768067,76.6970004272461,78.62460021972656,-0.4395310950568307
2023-03-22,70.9000015258789,71.30999755859375,68.88999938964844,69.4800033569336,337639,0.022645314486649415,0.023665727464443058,74.1885009765625,76.62240051269531,78.45450019836426,-0.42683910044440454
2023-03-23,69.95999908447266,71.66999816894531,69.13999938964844,69.94999694824219,335241,-0.013258144163271202,0.023242725810841077,73.91700096130371,76.51920043945313,78.26330017089843,-0.4344381502794628
2023-03-24,69.26000213623047,70.37999725341797,66.81999969482422,69.51000213623047,380852,-0.010005674062359304,0.022978463500586126,73.56400108337402,76.35620040893555,78.07690017700196,-0.44009697780987156
2023-03-27,72.80999755859375,73.0999984741211,69.12999725341797,69.41999816894531,353598,0.051256068623570794,0.026115511144201853,73.42050094604492,76.24460037231445,77.93970016479493,-0.4113985500819497
2023-03-28,73.19999694824219,73.93000030517578,72.19000244140625,72.86000061035156,328472,0.005356398883746616,0.02576239955205745,73.22800064086914,76.11140029907227,77.78800010681152,-0.40824576593263706
2023-03-29,72.97000122070312,74.37000274658203,72.76000213623047,73.61000061035156,312669,-0.003142018266772406,0.025642586651447034,72.99200057983398,75.96720031738282,77.61770011901855,-0.41010506854551665
2023-03-30,74.37000274658203,74.62999725341797,72.61000061035156,72.9800033569336,269743,0.019185987425770934,0.02604665106398312,72.80250053405761,75.86500030517578,77.47970016479492,-0.3987873518081049
2023-03-31,75.66999816894531,75.72000122070312,73.7699966430664,74.37000274658203,304361,0.01748010453614013,0.02596435549471285,72.6020004272461,75.7718002319336,77.31030014038086,-0.38827809186926093
2023-04-03,80.41999816894531,81.69000244140625,79.0,80.0999984741211,547126,0.0627725666042025,0.02969327524796472,72.60000038146973,75.75400024414063,77.19660011291504,-0.34987873764787425
2023-04-04,80.70999908447266,81.80999755859375,79.61000061035156,80.44000244140625,343570,0.003606079608682755,0.02844693857694684,72.75650024414062,75.73580017089844,77.11460006713867,-0.3475343486205351
2023-04-05,80.61000061035156,81.23999786376953,79.72000122070312,81.01000213623047,254974,-0.001238984949267996,0.028266050005215326,72.95400009155273,75.7454002380371,77.06240005493164,-0.3483427437425086
2023-04-06,80.69999694824219,80.95999908447266,79.6500015258789,80.37000274658203,0,0.0011164413498225834,0.028045955455972736,73.20299987792968,75.75640014648438,77.00470001220702,-0.34761520663571077
2023-04-10,79.73999786376953,81.22000122070312,79.61000061035156,80.5,264906,-0.011895899885700834,0.028163632860638693,73.35599975585937,75.73100006103516,76.9125,-0.355375910824526
2023-04-11,81.52999877929688,81.58999633789062,79.37000274658203,79.87999725341797,309683,0.022447967939319913,0.027762057160607232,73.69249954223633,75.76800003051758,76.86909996032715,-0.3409054099378016
2023-04-12,83.26000213623047,83.52999877929688,81.27999877929688,81.44000244140625,356133,0.02121922461469361,0.025215298744826427,74.28899955749512,75.87520004272461,76.8325,-0.32691993378894246
2023-04-13,82.16000366210938,83.44000244140625,82.11000061035156,83.22000122070312,261230,-0.013211607565434269,0.02155944741500801,75.01649971008301,75.94100006103515,76.79820007324219,-0.33581240348383945
2023-04-14,82.5199966430664,83.12000274658203,81.76000213623047,82.4000015258789,275129,0.004381608628421407,0.02159438553438283,75.72499961853028,76.0631999206543,76.80700004577636,-0.3329021933800538
2023-04-17,80.83000183105469,82.70999908447266,80.47000122070312,82.4800033569336,217048,-0.020479821628224926,0.02135487567178899,76.42949981689453,76.16220001220704,76.81450004577637,-0.34656423746821036
2023-04-18,80.86000061035156,81.4800033569336,79.87000274658203,81.0,96290,0.00037113421523327084,0.02143807909739083,77.09049987792969,76.31160003662109,76.82580001831055,-0.3463217250992777
2023-04-19,79.16000366210938,81.18000030517578,78.45999908447266,80.91999816894531,78310,-0.021023954185137028,0.022110758464000246,77.58199996948242,76.41260009765625,76.80790008544922,-0.36006462720260995
2023-04-20,77.29000091552734,78.88999938964844,76.97000122070312,78.87000274658203,361413,-0.023623075544109917,0.022784576755392503,77.90149993896485,76.41560012817382,76.80140007019043,-0.3751818688575509
2023-04-21,77.87000274658203,78.38999938964844,76.72000122070312,77.12999725341797,291114,0.007504228544240599,0.02239947451067338,78.29700012207032,76.4036001586914,76.81730010986328,-0.3704930908028726
2023-04-24,78.76000213623047,79.18000030517578,76.72000122070312,77.97000122070312,306720,0.011429297011133155,0.02212440767383307,78.77200012207031,76.41760025024413,76.8325001525879,-0.36329826936709825
2023-04-25,77.06999969482422,79.06999969482422,76.5,78.73999786376953,361646,-0.021457623102689505,0.02031332599609705,78.98500022888183,76.36460021972657,76.82120018005371,-0.37696037513184916
2023-04-26,74.30000305175781,77.93000030517578,74.05000305175781,77.08000183105469,497778,-0.035941308603020916,0.02208701296942035,79.04000053405761,76.24780029296875,76.75870018005371,-0.39935323456114574
2023-04-27,74.76000213623047,75.27999877929688,74.02999877929688,74.37999725341797,345880,0.006191104516539703,0.02209404411358303,79.12950057983399,76.16180038452148,76.69410018920898,-0.39563456765879224
2023-04-28,76.77999877929688,76.91999816894531,73.93000030517578,74.91000366210938,328399,0.027019751007838266,0.022491048395495036,79.25000038146973,76.1256004333496,76.66210014343261,-0.3793047641591883
2023-05-01,75.66000366210938,76.69000244140625,74.52999877929688,76.66000366210938,215017,-0.014587068702708761,0.022459897233501478,79.24950065612794,76.0690005493164,76.64940017700195,-0.3883588882078422
2023-05-02,71.66000366210938,76.11000061035156,71.41999816894531,75.76000213623047,417820,-0.05286809154627636,0.020292194481955107,78.81150093078614,75.97540069580079,76.62350021362305,-0.42069518649953624
2023-05-03,68.5999984741211,71.79000091552734,67.94999694824219,71.55999755859375,490523,-0.04270171687984825,0.021779635166633764,78.20600090026855,75.82420059204101,76.58940017700195,-0.44543249663276635
2023-05-04,68.55999755859375,69.83999633789062,63.63999938964844,68.16000366210938,412495,-0.0005831037378584147,0.02179063204643025,77.60350074768067,75.71640060424805,76.56040016174316,-0.4457558670168746
2023-05-05,71.33999633789062,71.80999755859375,68.4800033569336,68.69999694824219,330585,0.04054840837648799,0.024284339372972488,77.13550071716308,75.6354005432129,76.5636001586914,-0.42328214957240234
2023-05-08,73.16000366210938,73.69000244140625,71.04000091552734,71.3499984741211,290076,0.025511738402656636,0.025217858584292128,76.80650100708007,75.5722006225586,76.56350021362304,-0.408569074640151
2023-05-09,73.70999908447266,73.77999877929688,71.33999633789062,72.83999633789062,317493,0.007517706326306994,0.024607555501175844,76.41550102233887,75.53280059814453,76.54670021057129,-0.40412287063099966
2023-05-10,72.55999755859375,73.88999938964844,71.80000305175781,73.58000183105469,351506,-0.015601703163243719,0.023931340554728796,75.88050079345703,75.44300048828126,76.49950019836426,-0.41341956872518054
2023-05-11,70.87000274658203,73.5,70.62999725341797,72.7699966430664,365892,-0.023290998744135982,0.024183147217822235,75.31600074768066,75.30660049438477,76.44710021972656,-0.4270816128133371
2023-05-12,70.04000091552734,71.77999877929688,69.93000030517578,71.41999816894531,275435,-0.011711609974429105,0.024048927070725208,74.6920009613037,75.14420043945313,76.40460021972656,-0.4337914095112463
2023-05-15,71.11000061035156,71.69000244140625,69.41000366210938,70.04000091552734,259013,0.015276980023382736,0.02439031472630522,74.20600090026855,74.97280044555664,76.36380020141601,-0.42514145218528193
2023-05-16,70.86000061035156,71.79000091552734,70.44999694824219,71.31999969482422,232328,-0.0035156799023231544,0.024351485014323826,73.70600090026855,74.78080047607422,76.31150024414063,-0.4271624708285128
2023-05-17,72.83000183105469,73.26000213623047,70.04000091552734,70.5999984741211,273708,0.02780131532224872,0.02522880112269177,73.38950080871582,74.68580047607422,76.2569002532959,-0.4112368340515984
2023-05-18,71.86000061035156,72.87000274658203,71.41999816894531,72.75,80864,-0.01331870378025335,0.02490699804018323,73.11800079345703,74.58980041503906,76.20060028076172,-0.4190783962555893
2023-05-19,71.55000305175781,73.4000015258789,71.02999877929688,71.94000244140625,69949,-0.004313909768449031,0.024776057365273475,72.80200080871582,74.50640045166016,76.12050033569336,-0.4215844396366854
2023-05-22,71.98999786376953,72.36000061035156,70.55000305175781,71.69999694824219,263977,0.006149473001328065,0.02463149868551014,72.46350059509277,74.41260040283203,76.04510032653809,-0.4180274887646832
2023-05-23,72.91000366210938,73.79000091552734,71.70999908447266,72.0999984741211,317586,0.01277963363856216,0.024558146802079184,72.25550079345703,74.37480041503906,75.98460037231445,-0.41059009328338186
2023-05-24,74.33999633789062,74.7300033569336,73.12999725341797,73.7699966430664,386611,0.01961312033953999,0.023701311183744706,72.25750045776367,74.43500030517578,75.94400032043457,-0.39902992585363184
2023-05-25,71.83000183105469,74.37000274658203,70.9800033569336,74.20999908447266,422637,-0.033763715771890745,0.024835002968976873,72.11100044250489,74.51940032958984,75.85970031738282,-0.41932090862452187
2023-05-26,72.66999816894531,73.05000305175781,71.48999786376953,71.88999938964844,261498,0.011694226875648805,0.024128547409824907,71.9055004119873,74.60580032348633,75.81710029602051,-0.41253031558803144
2023-05-30,69.45999908447266,73.55000305175781,69.0199966430664,73.2300033569336,440862,-0.04417227418954872,0.025762221112962936,71.59550018310547,74.66020034790039,75.78330032348633,-0.43848018756592455
2023-05-31,68.08999633789062,69.69000244140625,67.02999877929688,69.62000274658203,444787,-0.019723621719544338,0.023408139624861095,71.41699981689453,74.66920028686523,75.72750030517578,-0.44955539193440375
2023-06-01,70.0999984741211,71.06999969482422,67.51000213623047,67.5999984741211,395393,0.02951978622903728,0.022394629771001137,71.49199981689453,74.68460021972656,75.69080032348633,-0.43330638477338107
2023-06-02,71.73999786376953,72.16999816894531,70.0,70.20999908447266,322596,0.023395141588396395,0.022922949593593738,71.65099983215332,74.70140014648437,75.66190032958984,-0.42004850740791405
2023-06-05,72.1500015258789,75.05999755859375,71.7300033569336,75.02999877929688,383943,0.005715133458575661,0.02113507386644122,71.69150009155274,74.7452001953125,75.63220031738281,-0.41673400722825016
2023-06-06,71.73999786376953,72.33000183105469,70.12999725341797,71.98999786376953,314962,-0.00568265631931153,0.020350183898142922,71.62049980163575,74.79480010986327,75.57550025939942,-0.42004850740791405
2023-06-07,72.52999877929688,73.19000244140625,71.01000213623047,71.55999755859375,299127,0.01101200082313225,0.020439989009980786,71.56149978637696,74.78920013427734,75.5169002532959,-0.4136620810941132
2023-06-08,71.29000091552734,73.27999877929688,69.02999877929688,72.47000122070312,485396,-0.017096344748918968,0.02050034123350475,71.49799995422363,74.75100021362304,75.43120025634765,-0.4236863162950919
2023-06-09,70.16999816894531,71.7699966430664,70.0999984741211,70.94000244140625,300724,-0.015710516653087758,0.020127000188601245,71.4629997253418,74.6950001525879,75.33110023498536,-0.4327405020203402
2023-06-12,67.12000274658203,70.33000183105469,66.80000305175781,70.2699966430664,404769,-0.04346580450265847,0.022218183831502068,71.31699981689454,74.55000015258788,75.20750022888184,-0.4573968924618003
2023-06-13,69.41999816894531,69.83000183105469,67.1500015258789,67.30999755859375,366354,0.03426691490235978,0.023366535627602894,71.23249969482421,74.42500015258788,75.09840019226074,-0.43880355795003284
2023-06-14,68.2699966430664,70.48999786376953,68.06999969482422,69.3499984741211,304449,-0.016565853589914914,0.023623027426480373,71.10299949645996,74.1820001220703,74.96800018310547,-0.4481002560442137
2023-06-15,70.62000274658203,70.95999908447266,67.97000122070312,68.69999694824219,115613,0.034422238451278675,0.02409824766884631,70.99249954223633,73.9802001953125,74.85800018310547,-0.429102631456568
2023-06-16,71.77999877929688,71.88999938964844,69.94999694824219,70.55000305175781,99185,0.01642588484281804,0.024232494993765372,70.98849945068359,73.80360015869141,74.77450019836425,-0.4197251370238058
2023-06-20,70.5,72.08999633789062,69.6500015258789,71.44999694824219,430492,-0.017832248552030583,0.02455218519886325,70.93599929809571,73.59960021972657,74.67800018310547,-0.4300727426088928
2023-06-21,72.52999877929688,72.72000122070312,70.80000305175781,70.9000015258789,264656,0.028794308926196832,0.025380750486760882,70.96299934387207,73.45540023803711,74.59320014953613,-0.4136620810941132
2023-06-22,69.51000213623047,72.6500015258789,68.93000030517578,72.43000030517578,421348,-0.04163789733756951,0.02688762706791836,70.79299926757812,73.21500030517578,74.49150016784668,-0.43807595916664066
2023-06-23,69.16000366210938,69.6500015258789,67.3499984741211,69.52999877929688,322475,-0.0050352246204099504,0.026403450018471195,70.53399963378907,72.93300033569336,74.40410018920899,-0.440905372931845
2023-06-26,69.37000274658203,70.11000061035156,68.70999908447266,69.83999633789062,280116,0.0030364238483653327,0.025431064895061993,70.41099967956544,72.67720031738281,74.30910018920899,-0.4392077246727224
2023-06-27,67.69999694824219,70.1500015258789,67.5,69.48999786376953,384752,-0.024073889753768674,0.025715477866494293,70.16249961853028,72.38080032348633,74.22200012207031,-0.45270817608371633
2023-06-28,69.55999755859375,69.7300033569336,67.05000305175781,68.01000213623047,368295,0.027474160918700807,0.024679922905566892,70.16749954223633,72.1554002380371,74.15880012512207,-0.4376717924439511
2023-06-29,69.86000061035156,70.5999984741211,68.93000030517578,69.25,292865,0.004312867485440908,0.024231523370126032,70.25599975585938,71.9354002380371,74.1235001373291,-0.4352465454014363
2023-06-30,70.63999938964844,71.04000091552734,69.52999877929688,69.81999969482422,299873,0.011165169946782072,0.02345204448909537,70.28299980163574,71.76500015258789,74.08880012512208,-0.42894097710281104
2023-07-03,69.79000091552734,71.7699966430664,69.69000244140625,70.44999694824219,303479,-0.012032821085296463,0.02297646482533401,70.18549995422363,71.6150001525879,74.01530014038086,-0.4358124281544772
2023-07-05,71.79000091552734,72.16999816894531,69.9000015258789,70.1500015258789,456809,0.02865740039781306,0.023890480437050558,70.16749992370606,71.4934001159668,73.9485001373291,-0.41964427900863016
2023-07-06,71.80000305175781,72.33999633789062,70.22000122070312,71.80000305175781,395381,0.00013932492133883478,0.02385275595912442,70.17050018310547,71.35420013427735,73.88590019226075,-0.4195634209934545
2023-07-07,73.86000061035156,73.91999816894531,71.19000244140625,71.88999938964844,362632,0.028690772577109502,0.024586404762308032,70.2370002746582,71.2900001525879,73.82730018615723,-0.40291024710974227
2023-07-10,72.98999786376953,74.1500015258789,72.66999816894531,73.86000061035156,301014,-0.011779078518719954,0.024406271733741318,70.3220001220703,71.26380004882813,73.75580017089844,-0.40994341419175967
2023-07-11,74.83000183105469,74.95999908447266,72.9800033569336,73.19000244140625,326883,0.025208987822131323,0.024605209186337122,70.55500030517578,71.26520004272462,73.71350021362305,-0.39506868490575137
2023-07-12,75.75,76.1500015258789,74.66999816894531,74.83000183105469,352887,0.012294509507328577,0.02202635859145181,70.98650016784669,71.24460006713868,73.68510025024415,-0.3876313511010444
2023-07-13,76.88999938964844,77.33000183105469,75.31999969482422,75.8499984741211,379728,0.015049496893048575,0.021143442581477764,71.36000022888183,71.26919998168945,73.66910026550293,-0.37841551102203913
2023-07-14,75.41999816894531,77.30000305175781,75.11000061035156,77.16000366210938,299576,-0.019118236862686544,0.021289791847397925,71.71750030517578,71.34439987182617,73.65990028381347,-0.3902991105124918
2023-07-17,74.1500015258789,76.08999633789062,73.83999633789062,75.0199966430664,244785,-0.016838990637755513,0.02066407116978857,71.89400024414063,71.45539993286133,73.63980026245117,-0.40056585808240314
2023-07-18,75.75,75.95999908447266,73.87999725341797,74.18000030517578,125092,0.021577861647955388,0.02087593143767422,72.09250030517578,71.59919998168945,73.65780029296874,-0.3876313511010444
2023-07-19,75.3499984741211,76.97000122070312,75.06999969482422,75.83999633789062,92920,-0.005280548196421209,0.020403092307826283,72.33500022888184,71.67940002441406,73.65740028381347,-0.39086499326553265
2023-07-20,75.62999725341797,76.1500015258789,74.72000122070312,75.3499984741211,340962,0.0037159759119709257,0.01952023513071602,72.4900001525879,71.72879989624023,73.65050025939941,-0.38860146225336917
2023-07-21,77.06999969482422,77.29000091552734,75.69000244140625,75.69999694824219,308106,0.019040096439262744,0.016871382811194453,72.86800003051758,71.79599990844727,73.6644002532959,-0.37696037513184916
2023-07-24,78.73999786376953,79.27999877929688,76.44000244140625,77.01000213623047,368285,0.021668589276735872,0.017065109551242373,73.34699974060058,71.91959991455079,73.68130020141602,-0.3634599853974495
2023-07-25,79.62999725341797,79.9000015258789,78.29000091552734,78.8499984741211,349600,0.011303015161217678,0.017073206308635076,73.85999946594238,72.0947998046875,73.70070014953613,-0.3562651639616751
2023-07-26,78.77999877929688,79.7699966430664,78.55000305175781,79.33999633789062,322031,-0.010674350162489965,0.016017486743822005,74.41399955749512,72.2695997619629,73.70690010070801,-0.36313661501334127
2023-07-27,80.08999633789062,80.5999984741211,78.87000274658203,78.9000015258789,374358,0.016628555202999218,0.015488672955292047,74.94049949645996,72.44919967651367,73.71100006103515,-0.3525464970593217
2023-07-28,80.58000183105469,80.70999908447266,79.06999969482422,79.83999633789062,299547,0.006118185985385605,0.015476300445008931,75.47649955749512,72.64359970092774,73.71220008850098,-0.3485852561114412
2023-07-31,81.80000305175781,82.0,80.12999725341797,80.6500015258789,297270,0.015140248113433952,0.01555419522898014,76.03449974060058,72.8229997253418,73.75440010070801,-0.33872267526421945
2023-08-01,81.37000274658203,82.22000122070312,80.58999633789062,81.7300033569336,307859,-0.005256727251021109,0.015176100885123077,76.61349983215332,73.0131997680664,73.80150009155274,-0.3421988297976403
2023-08-02,79.48999786376953,82.43000030517578,79.05000305175781,82.05000305175781,414825,-0.023104397435840918,0.015833889097568537,76.99849967956543,73.17199966430664,73.8392000579834,-0.3573969294677569
2023-08-03,81.55000305175781,81.86000061035156,78.69000244140625,79.7699966430664,402641,0.02591527542268568,0.01643563558851308,77.48599967956542,73.36319976806641,73.88790008544922,-0.3407436939074503
2023-08-04,82.81999969482422,83.23999786376953,81.51000213623047,81.7300033569336,320873,0.015573226186887723,0.01575161529245401,77.93399963378906,73.5613996887207,73.96810005187989,-0.330476946337539
2023-08-07,81.94000244140625,83.30000305175781,81.5199966430664,82.81999969482422,293036,-0.010625419665063918,0.01568559821862019,78.38149986267089,73.71339981079102,74.0742000579834,-0.3375909097581377
2023-08-08,82.91999816894531,83.08000183105469,79.9000015258789,82.52999877929688,424545,0.011959918212595122,0.01509666197994318,78.78599967956544,73.93519973754883,74.22730003356934,-0.3296685512155655
2023-08-09,84.4000015258789,84.6500015258789,82.66999816894531,82.87999725341797,478140,0.01784856958050285,0.015282916839596587,79.21849975585937,74.1697998046875,74.38780006408692,-0.3177040937099372
2023-08-10,82.81999969482422,84.88999938964844,82.58000183105469,84.25,362188,-0.0187204005034316,0.016023601738888654,79.51499977111817,74.43699981689453,74.54860008239746,-0.330476946337539
2023-08-11,83.19000244140625,83.80999755859375,82.2300033569336,82.83000183105469,331254,0.004467553102456279,0.015085184429589863,79.90349998474122,74.73899993896484,74.70410011291504,-0.32748581654198333
2023-08-14,82.51000213623047,83.19999694824219,81.76000213623047,83.08999633789062,277352,-0.008174062810669236,0.014538801153845616,80.32150001525879,74.98720001220703,74.8359001159668,-0.3329829897186351
2023-08-15,80.98999786376953,82.91000366210938,80.4000015258789,82.5199966430664,303207,-0.018422060757570802,0.01494975861558655,80.58349990844727,75.17220001220703,74.9368000793457,-0.34527081760837164
2023-08-16,79.37999725341797,81.43000030517578,79.05000305175781,81.2300033569336,325403,-0.019879005467560162,0.0157345607560419,80.78499984741211,75.31679992675781,75.03100006103516,-0.358286182604906
2023-08-17,80.38999938964844,81.08000183105469,78.94999694824219,79.25,235581,0.012723635313391046,0.015892508821956856,81.02299995422364,75.4897999572754,75.14230003356934,-0.3501212500168069
2023-08-18,81.25,81.61000061035156,79.58999633789062,80.04000091552734,128090,0.010697855664647538,0.015560244073314907,81.23199996948242,75.66419998168945,75.2267000579834,-0.3431689409499651
2023-08-21,80.72000122070312,82.47000122070312,80.61000061035156,81.43000030517578,115874,-0.006523061899038507,0.015024841692085058,81.3310001373291,75.85279998779296,75.30190010070801,-0.34745349060535946
2023-08-22,80.3499984741211,80.98999786376953,80.0999984741211,80.80000305175781,287489,-0.0045837802401709205,0.014890289551332139,81.36700019836425,76.05639999389649,75.37570007324219,-0.3504446204009151
2023-08-23,78.88999938964844,79.91000366210938,77.62000274658203,79.63999938964844,378146,-0.018170492995627008,0.015277153951325057,81.37250022888183,76.29179992675782,75.42090003967286,-0.3622473618761921
2023-08-24,79.05000305175781,79.27999877929688,77.58999633789062,78.56999969482422,349230,0.00202818688486861,0.01479092785518921,81.3205005645752,76.48440002441406,75.45470008850097,-0.3609538803397591
2023-08-25,79.83000183105469,80.44999694824219,78.13999938964844,78.87999725341797,411409,0.009867156852431336,0.014903203712939333,81.28300056457519,76.71560012817383,75.44880012512208,-0.35464831204113384
2023-08-28,80.0999984741211,80.87000274658203,79.61000061035156,80.1500015258789,246584,0.003382145019084515,0.014485551820185466,81.19800033569337,76.90520004272462,75.44270011901855,-0.352465639044146
2023-08-29,81.16000366210938,81.41000366210938,79.33999633789062,79.9800033569336,284168,0.013233523198265207,0.01478319703395963,81.18750038146973,77.09280014038086,75.44820014953613,-0.34389647805676293
2023-08-30,81.62999725341797,82.05000305175781,80.87999725341797,81.29000091552734,299418,0.0057909508391018605,0.0137873918439427,81.29450035095215,77.31540008544921,75.4575001525879,-0.34009701481582816
2023-08-31,83.62999725341797,83.69000244140625,81.4800033569336,81.69999694824219,368848,0.024500797100250438,0.013658146763763002,81.39850006103515,77.53740005493164,75.49640014648438,-0.32392886566998114
2023-09-01,85.55000305175781,86.05999755859375,83.45999908447266,83.62999725341797,420461,0.02295833865116359,0.014153790489955246,81.53500022888184,77.85820007324219,75.53660018920898,-0.3084073956157563
2023-09-05,86.69000244140625,88.06999969482422,85.0199966430664,86.05999755859375,452908,0.013325533009726831,0.014067426909795322,81.77250022888184,78.20880004882812,75.57090019226074,-0.29919155553675103
2023-09-06,87.54000091552734,88.08000183105469,85.93000030517578,86.72000122070312,307115,0.009805034608178831,0.014002612138639367,82.00350036621094,78.57220001220703,75.62470016479492,-0.29232010448508494
2023-09-07,86.87000274658203,87.73999786376953,86.38999938964844,87.54000091552734,270736,-0.007653623051613101,0.01371915560037849,82.12700042724609,78.95560012817383,75.66820022583008,-0.29773641964656106
2023-09-08,87.51000213623047,87.94999694824219,86.1500015258789,86.77999877929688,294437,0.007367323234873657,0.012908412350215127,82.3615005493164,79.31460021972656,75.73500022888183,-0.2925626168540175
2023-09-11,87.29000091552734,88.1500015258789,86.70999908447266,87.4000015258789,292388,-0.0025140122881112115,0.012956311109535682,82.56650047302246,79.66320022583008,75.7993002319336,-0.2943411231283158
2023-09-12,88.83999633789062,89.37000274658203,87.22000122070312,87.2699966430664,341137,0.017756849651809015,0.0131294978085892,82.88300018310547,80.02720016479492,75.89610015869141,-0.281810844546241
2023-09-13,88.5199966430664,89.63999938964844,88.29000091552734,88.75,345972,-0.0036019778029610094,0.0121952009443774,83.2595001220703,80.4018000793457,76.0084001159668,-0.2843977459425127
2023-09-14,90.16000366210938,90.79000091552734,88.68000030517578,88.80999755859375,325270,0.018526966575200587,0.011127113765758267,83.79850044250489,80.76920013427734,76.13130012512207,-0.27113980690045136
2023-09-15,90.7699966430664,91.2300033569336,89.22000122070312,90.66999816894531,315003,0.006765671652400274,0.011029523997927936,84.31750030517578,81.14860000610352,76.25140007019043,-0.26620857815343485
2023-09-18,91.4800033569336,92.43000030517578,90.75,91.19999694824219,119258,0.007822041865432006,0.010985744662935653,84.82900047302246,81.50100006103516,76.39550010681153,-0.2604688309312561
2023-09-19,91.19999694824219,93.73999786376953,91.06999969482422,92.22000122070312,94597,-0.003060848255534987,0.010803724362174931,85.35300025939941,81.86520004272461,76.56450004577637,-0.262732423620014
2023-09-20,90.27999877929688,91.9800033569336,89.87000274658203,91.55000305175781,457854,-0.010087699558448793,0.011156596654909435,85.8495002746582,82.17419998168945,76.71970001220703,-0.27016975742472094
2023-09-21,89.62999725341797,90.9800033569336,88.37000274658203,89.30000305175781,351032,-0.007199839772571659,0.010133521256454238,86.38650016784668,82.45179992675781,76.84819999694824,-0.27542441823244007
2023-09-22,90.02999877929688,91.33000183105469,89.30999755859375,89.62000274658203,402087,0.004462808637023086,0.010092138392721791,86.93549995422363,82.71459991455077,76.99189994812012,-0.27219077606795183
2023-09-25,89.68000030517578,90.83000183105469,89.02999877929688,90.55000305175781,328369,-0.003887576128697834,0.010321843854730178,87.4279998779297,82.99979995727539,77.17209991455078,-0.2750201898331562
2023-09-26,90.38999938964844,90.73999786376953,88.19000244140625,89.87999725341797,318016,0.007917028122843117,0.010313784314714396,87.94249992370605,83.32459991455079,77.38999992370606,-0.26928050428757183
2023-09-27,93.68000030517578,94.16999816894531,90.4000015258789,90.52999877929688,504630,0.03639784199295071,0.012270686253269304,88.56849975585938,83.6831999206543,77.64119995117187,-0.24268389154146217
2023-09-28,91.70999908447266,95.02999877929688,91.38999938964844,93.77999877929688,406709,-0.021029047974867265,0.013809770549569406,89.0724998474121,84.01039993286133,77.8448999786377,-0.2586095283183766
2023-09-29,90.79000091552734,93.0999984741211,90.3499984741211,91.76000213623047,355782,-0.01003160154977123,0.013521252948640828,89.43050003051758,84.31360000610351,78.02119995117188,-0.26604686212308354
2023-10-02,88.81999969482422,91.87999725341797,88.45999908447266,90.81999969482422,334493,-0.02169843816320749,0.013941567713218143,89.5939998626709,84.54860000610351,78.17229995727538,-0.2819724988999979
2023-10-03,89.2300033569336,90.2699966430664,87.76000213623047,88.66999816894531,350659,0.0046161187065763,0.013702141048382157,89.72099990844727,84.7584001159668,78.33900001525879,-0.27865799872033403
2023-10-04,84.22000122070312,89.58999633789062,84.16000366210938,89.41999816894531,459995,-0.056147057578712634,0.018649663680261247,89.55499992370605,84.8502001953125,78.4725,-0.3191592296001272
2023-10-05,82.30999755859375,84.91999816894531,82.1500015258789,84.44999694824219,465997,-0.02267874180034868,0.019194080231001682,89.32699966430664,84.92080017089843,78.59519996643067,-0.3345998416391764
2023-10-06,82.79000091552734,83.27999877929688,81.5,82.27999877929688,461139,0.0058316531547932815,0.019155498525013626,89.09099960327148,84.97480026245117,78.71199996948242,-0.33071945870647157
2023-10-09,86.37999725341797,87.23999786376953,84.66999816894531,85.25,435037,0.04336268025354406,0.02173805990516909,89.04549942016601,85.09080017089843,78.86719993591309,-0.3016976605944415
2023-10-10,85.97000122070312,86.73999786376953,85.12000274658203,86.43000030517578,337654,-0.00474642331270303,0.021332956466848216,88.90199966430664,85.17420013427734,78.99859992980957,-0.3050120990975111
2023-10-11,83.48999786376953,86.51000213623047,83.11000061035156,85.95999908447266,425395,-0.028847310942416993,0.022197994082546555,88.6504997253418,85.21660003662109,79.11489990234375,-0.3250606311760629
2023-10-12,82.91000366210938,85.19999694824219,82.30999755859375,83.19999694824219,373492,-0.006946870481498002,0.021640614942486067,88.28799972534179,85.28500015258788,79.22849990844726,-0.3297493475541468
2023-10-13,87.69000244140625,87.83000183105469,83.3499984741211,83.51000213623047,356863,0.05765285934345443,0.025597660230575324,88.13400001525879,85.40780014038086,79.38549995422363,-0.29110748096382755
2023-10-16,86.66000366210938,88.33000183105469,86.31999969482422,87.72000122070312,235780,-0.01174590889064131,0.025599986186842047,87.89300003051758,85.48460021972656,79.52299995422364,-0.29943406790568367
2023-10-17,86.66000366210938,87.75,85.5999984741211,87.05999755859375,197124,0.0,0.025604934250744813,87.66600036621094,85.57900024414063,79.64620002746582,-0.29943406790568367
2023-10-18,88.31999969482422,89.87999725341797,87.19999694824219,87.80999755859375,92797,0.019155273050613264,0.025965635599275942,87.5680004119873,85.6870002746582,79.81110000610352,-0.28601453618645967
2023-10-19,89.37000274658203,90.68000030517578,86.5999984741211,88.23999786376953,72058,0.01188862155101833,0.02606778622119182,87.55500068664551,85.78640029907227,79.97810005187988,-0.2775262332142523
2023-10-20,88.75,90.77999877929688,88.33000183105469,90.27999877929688,311917,-0.006937481565711834,0.02609375140682388,87.49100074768066,85.90500030517578,80.17100006103516,-0.2825383816530388
2023-10-23,85.48999786376953,88.29000091552734,85.3499984741211,88.0,315517,-0.03673241843639963,0.02732951771837052,87.28150062561035,85.95100021362305,80.34500007629394,-0.30889248203021585
2023-10-24,83.73999786376953,86.30000305175781,82.94000244140625,86.1500015258789,370591,-0.020470230947819967,0.02752187332494861,86.94900054931641,85.97560012817382,80.48140007019043,-0.323039612532832
2023-10-25,85.38999938964844,85.55999755859375,82.08000183105469,83.69000244140625,429459,0.01970386395952839,0.026483118169023556,86.53450050354004,86.0636001586914,80.61790008544922,-0.30970087715218936
2023-10-26,83.20999908447266,85.58999633789062,82.55999755859375,85.37000274658203,341792,-0.025529925292868128,0.026651435241172104,86.10950050354003,86.1402001953125,80.72850006103516,-0.32732416218822635
2023-10-27,85.54000091552734,85.9000015258789,83.0999984741211,83.52999877929688,333760,0.028001464447672042,0.027577878207705787,85.84700050354004,86.24320022583008,80.86650009155274,-0.30848825363093196
2023-10-30,82.30999755859375,85.30000305175781,81.81999969482422,85.0,356928,-0.037760151068075065,0.028384951555935803,85.52150039672851,86.26440017700196,80.9643000793457,-0.3345998416391764
2023-10-31,81.0199966430664,83.37000274658203,80.73999786376953,82.58999633789062,346007,-0.01567246936933797,0.028445246140725935,85.11100006103516,86.27040008544923,81.06160003662109,-0.345028305239439
2023-11-01,80.44000244140625,83.41999816894531,80.30000305175781,81.4800033569336,321592,-0.0071586549702701285,0.0257379484896481,84.92200012207032,86.27220016479492,81.16430007934571,-0.34971702161752294
2023-11-02,82.45999908447266,82.83000183105469,80.22000122070312,80.81999969482422,307122,0.025111842140206342,0.0259329855486986,84.92950019836425,86.3436001586914,81.31770004272461,-0.333387218117919
2023-11-03,80.51000213623047,83.5999984741211,80.0999984741211,82.58000183105469,457281,-0.023647792504152165,0.026441285023258383,84.81550025939941,86.37280014038086,81.42860008239747,-0.34915113886448207
2023-11-06,80.81999969482422,82.23999786376953,80.66000366210938,81.12999725341797,271131,0.0038504229334039852,0.024339588719980213,84.53750038146973,86.39260009765626,81.55410011291504,-0.346645095483386
2023-11-07,77.37000274658203,81.05000305175781,77.08999633789062,80.93000030517578,396289,-0.042687416001848,0.025907535026838818,84.10750045776368,86.33800018310546,81.62160011291503,-0.37453512808933437
2023-11-08,75.33000183105469,77.52999877929688,74.91000366210938,77.12000274658203,429647,-0.026366819737737024,0.0257927382913442,83.69950065612792,86.22140014648437,81.65710014343261,-0.3910266476192896
2023-11-09,75.73999786376953,77.16000366210938,75.20999908447266,75.6500015258789,303430,0.005442665906664423,0.025887439812354997,83.34100036621093,86.1036001586914,81.70950012207031,-0.38771220911622006
2023-11-10,77.16999816894531,77.7300033569336,75.30999755859375,75.58999633789062,266998,0.01888038480998988,0.02220143778590885,82.81500015258788,85.97440017700195,81.7559001159668,-0.37615198000987565
2023-11-13,78.26000213623047,78.63999938964844,76.20999908447266,77.1500015258789,262903,0.014124711586734229,0.022607191153514828,82.39500007629394,85.8286001586914,81.8434001159668,-0.36734030665356
2023-11-14,78.26000213623047,79.7699966430664,77.79000091552734,78.52999877929688,263002,0.0,0.022607191153514828,81.975,85.66000015258788,81.934400100708,-0.36734030665356
2023-11-15,76.66000366210938,78.7699966430664,76.30999755859375,78.16999816894531,282301,-0.020444651551834947,0.02212396270706934,81.39200019836426,85.44240020751953,82.00730010986328,-0.3802748136349187
2023-11-16,72.9000015258789,76.62999725341797,72.16000366210938,76.5999984741211,125165,-0.049047768805272285,0.023561129857911964,80.5685001373291,85.16300018310547,82.05930015563965,-0.4106709512985575
2023-11-17,75.88999938964844,75.98999786376953,72.75,72.97000122070312,101484,0.04101505900117308,0.02617033429132591,79.92550010681153,84.93060012817382,82.12260017395019,-0.38649958559496267
2023-11-20,77.5999984741211,78.22000122070312,75.6500015258789,75.6500015258789,270638,0.022532601109836126,0.026037442219057648,79.5310001373291,84.7368000793457,82.20000015258789,-0.3726758254764548
2023-11-21,77.7699966430664,77.91999816894531,76.91999816894531,77.6500015258789,238629,0.0021906980964954137,0.025798142783194315,79.23250007629395,84.51540008544922,82.27130012512207,-0.3713015476014404
2023-11-22,77.0999984741211,77.97000122070312,73.79000091552734,77.7699966430664,389325,-0.008615124056393308,0.025235911890422392,78.81800003051758,84.28700012207031,82.34440010070801,-0.3767178627629165
2023-11-24,75.54000091552734,77.08999633789062,75.06999969482422,76.79000091552734,281147,-0.020233431770006693,0.02503378356019286,78.43450012207032,83.99460006713868,82.38190010070801,-0.389328999360167
2023-11-27,74.86000061035156,76.2300033569336,74.05999755859375,75.30999755859375,289562,-0.009001857253565504,0.023842446396127117,77.90050010681152,83.67640014648437,82.41250007629395,-0.3948261725368188
2023-11-28,76.41000366210938,77.0199966430664,74.63999938964844,75.06999969482422,286618,0.02070535718835509,0.023371280617724543,77.60550041198731,83.37500015258789,82.43800010681153,-0.3822958322781496
2023-11-29,77.86000061035156,78.08999633789062,75.66999816894531,76.55999755859375,322170,0.018976532898155263,0.02369957630046604,77.44750061035157,83.10820022583007,82.48670013427734,-0.3705739488180482
2023-11-30,75.95999908447266,79.5999984741211,75.05000305175781,77.75,559169,-0.02440279361655051,0.02421595462078057,77.22350044250489,82.8218002319336,82.49800010681152,-0.3859337028419218
2023-12-01,74.06999969482422,76.76000213623047,73.93000030517578,75.58999633789062,358976,-0.024881508852397816,0.02378334472288533,76.80400047302246,82.51060028076172,82.48120010375976,-0.40121259885061966
2023-12-04,73.04000091552734,75.02999877929688,72.62999725341797,74.58000183105469,388832,-0.013905748393959416,0.023480897316334497,76.43050041198731,82.17080032348633,82.44270011901855,-0.4095391857924758
2023-12-05,72.31999969482422,74.12000274658203,72.0199966430664,73.30000305175781,358703,-0.009857628856492329,0.023421442853307252,76.0055004119873,81.8236003112793,82.41170013427734,-0.4153597293532358
2023-12-06,69.37999725341797,72.5999984741211,69.11000061035156,72.0999984741211,436803,-0.04065268879718564,0.02325422012999351,75.6060001373291,81.40340026855469,82.36400009155274,-0.4391269283341411
2023-12-07,69.33999633789062,70.4800033569336,68.80000305175781,69.27999877929688,339000,-0.0005765482431663305,0.02272642827490856,75.3064998626709,80.91660018920898,82.29990005493164,-0.43945029871824937
2023-12-08,71.2300033569336,71.62999725341797,69.5,69.76000213623047,302250,0.027257097185772183,0.023700393692944254,75.0810001373291,80.5070002746582,82.25870010375976,-0.4241713410329571
2023-12-11,71.31999969482422,71.80999755859375,70.3499984741211,71.1500015258789,274414,0.0012634610929280754,0.023173862132681678,74.78850021362305,80.11760025024414,82.21560012817383,-0.4234438039261593
2023-12-12,68.61000061035156,71.95999908447266,68.22000122070312,71.43000030517578,324530,-0.03799774391571298,0.023983141738140708,74.30600013732911,79.7134002685547,82.1310001373291,-0.4453516386175907
2023-12-13,69.47000122070312,69.88999938964844,67.70999908447266,68.7300033569336,306996,0.012534624729646282,0.024317443006180894,73.86650009155274,79.31820022583008,82.03830017089844,-0.4383993295507489
2023-12-14,71.58000183105469,72.45999908447266,69.54000091552734,69.8499984741211,275688,0.030372831053337546,0.02532503067582441,73.6125,79.06540023803711,81.9578002166748,-0.42134192726775277
2023-12-15,71.43000030517578,72.22000122070312,70.30000305175781,71.61000061035156,95513,-0.002095578681779675,0.022903569438177764,73.53899993896485,78.84780029296876,81.8843002319336,-0.42255455078901016
2023-12-18,72.47000122070312,74.26000213623047,70.63999938964844,71.68000030517578,73941,0.014559721560745809,0.021052546256293717,73.36800003051758,78.64140029907226,81.80810028076172,-0.4141471058319784
2023-12-19,73.44000244140625,74.01000213623047,71.8499984741211,72.4800033569336,230042,0.013384865521790745,0.02058355748160779,73.16000022888184,78.38260040283203,81.73670028686523,-0.4063055436279875
2023-12-20,74.22000122070312,75.37000274658203,73.5999984741211,74.05999755859375,273364,0.010620898057828843,0.020771182177445124,72.98250045776368,78.14760040283203,81.66090026855468,-0.39999997532936227
2023-12-21,73.88999938964844,74.58000183105469,72.44000244140625,73.80999755859375,251982,-0.004446265502925373,0.02072351148317935,72.82200050354004,77.95560043334962,81.58610023498535,-0.4026677347408097
2023-12-22,73.55999755859375,74.9800033569336,73.38999938964844,73.91000366210938,222600,-0.004466123071871553,0.02028539530431738,72.72300033569336,77.7686003112793,81.52680023193359,-0.40533549415225706
2023-12-26,75.56999969482422,76.18000030517578,73.12999725341797,73.55999755859375,208715,0.027324662900232166,0.021151336816587513,72.758500289917,77.52620025634765,81.46700019836426,-0.3890864869912344
2023-12-27,74.11000061035156,75.66000366210938,73.7699966430664,75.31999969482422,253323,-0.019319823876784437,0.021050752199057044,72.6435001373291,77.2752001953125,81.37990020751953,-0.40088922846651137
2023-12-28,71.7699966430664,74.4000015258789,71.72000122070312,73.80000305175781,262748,-0.0315747395495003,0.021515776287798674,72.33899993896485,76.97740005493164,81.27820014953613,-0.41980599503898147
2023-12-29,71.6500015258789,72.62000274658203,71.25,71.98999786376953,214486,-0.0016719398467338609,0.020965906601031332,72.12350006103516,76.64400009155274,81.16550018310546,-0.4207760445147119
2024-01-02,70.37999725341797,73.63999938964844,70.05999755859375,71.70999908447266,330992,-0.01772511158987533,0.020625841255137285,71.93899993896484,76.26419998168946,81.02530014038086,-0.4310428537612176
2024-01-03,72.69999694824219,73.2300033569336,69.27999877929688,70.5,334861,0.03296390715206443,0.02186880430697301,71.92199974060058,75.9431999206543,80.92410011291504,-0.4122878032190988
2024-01-04,72.19000244140625,74.0,71.05999755859375,73.04000091552734,344467,-0.007015055409136051,0.02181056070633391,71.91549987792969,75.67720001220704,80.81410011291504,-0.41641063684414187
2024-01-05,73.80999755859375,74.23999786376953,72.20999908447266,72.4000015258789,325525,0.022440712874367774,0.020095725904826306,72.13699989318847,75.47860000610352,80.72710006713868,-0.40331447550902616
2024-01-08,70.7699966430664,73.94999694824219,70.12999725341797,73.51000213623047,392249,-0.041186844818875024,0.022423956866299145,72.20849990844727,75.18619995117187,80.62490005493164,-0.42789006961190496
2024-01-09,72.23999786376953,72.93000030517578,70.47000122070312,70.91000366210938,363445,0.020771531587279624,0.02207237609289835,72.25899963378906,74.96679992675782,80.55350006103515,-0.4160064701214523
2024-01-10,71.37000274658203,73.58999633789062,71.01000213623047,72.16999816894531,352772,-0.012043122133366335,0.0222617526653921,72.26149978637696,74.6833999633789,80.46330009460449,-0.4230395755268754
2024-01-11,72.0199966430664,73.80999755859375,71.16999816894531,71.33000183105469,373645,0.009107382254031071,0.02041505315980681,72.4319995880127,74.47759994506836,80.37100006103516,-0.4177849763957506
2024-01-12,72.68000030517578,75.25,72.36000061035156,73.01000213623047,403636,0.009164172353136602,0.02034274465710864,72.59249954223633,74.31080001831054,80.29060005187988,-0.4124494575728558
2024-01-16,72.4000015258789,73.55999755859375,71.2300033569336,72.62999725341797,430437,-0.0038524873159216932,0.01928287294589648,72.63349952697754,74.15,80.21110008239746,-0.41471298858501926
2024-01-17,72.55999755859375,72.94999694824219,70.5,72.0,315679,0.0022098899080500445,0.01927349858164863,72.68999938964843,73.95199996948242,80.14780006408691,-0.41341956872518054
2024-01-18,74.08000183105469,74.37999725341797,72.18000030517578,72.77999877929688,86646,0.02094824040248211,0.019561501312488325,72.77049942016602,73.8233999633789,80.09810005187988,-0.401131740835444
2024-01-19,73.41000366210938,74.91000366210938,73.19999694824219,74.08000183105469,78234,-0.009044251517073332,0.019473844016567217,72.76899948120118,73.67520004272461,80.03390007019043,-0.4065480559969201
2024-01-22,75.19000244140625,75.75,72.88999938964844,73.41000366210938,372284,0.02424735990328819,0.020087781354360835,72.81749954223633,73.6316000366211,79.98480010986329,-0.39215841312537136
2024-01-23,74.37000274658203,75.25,73.41000366210938,74.68000030517578,306060,-0.01090570113311573,0.020228707640310904,72.84149971008301,73.61240005493164,79.916900100708,-0.3987873518081049
2024-01-24,75.08999633789062,75.83000183105469,73.94000244140625,74.56999969482422,323726,0.009681236583545472,0.02029247950730095,72.91799964904786,73.59940002441407,79.85150009155274,-0.3929668699239392
2024-01-25,77.36000061035156,77.51000213623047,75.16000366210938,75.30000305175781,320177,0.030230448570623958,0.02049853064474349,73.00749969482422,73.60320007324219,79.78880012512207,-0.37461598610451
2024-01-26,78.01000213623047,78.26000213623047,76.05999755859375,77.1500015258789,365456,0.008402294735658566,0.019955862404969472,73.20249977111817,73.59820007324218,79.71340011596679,-0.36936132529679083
2024-01-29,76.77999877929688,79.29000091552734,76.41000366210938,78.9000015258789,331925,-0.01576725193245876,0.018804346717308157,73.45299987792968,73.56860000610351,79.6143000793457,-0.3793047641591883
2024-01-30,77.81999969482422,78.13999938964844,75.8499984741211,77.0199966430664,347242,0.013545206200338944,0.01888969493590862,73.76149978637696,73.59179992675782,79.51710006713867,-0.3708973192021565
2024-01-31,75.8499984741211,78.11000061035156,75.5199966430664,77.83999633789062,344493,-0.025314844878290943,0.01942431354964771,74.03499984741211,73.65079986572266,79.40690002441406,-0.3868229559790709
2024-02-01,73.81999969482422,76.94999694824219,73.69999694824219,75.95999908447266,577936,-0.02676333315932078,0.019316502848475033,74.09099998474122,73.60939987182617,79.27,-0.40323361749385056
2024-02-02,72.27999877929688,74.5199966430664,71.79000091552734,73.91000366210938,467768,-0.020861567622511346,0.019857299434761107,74.09549980163574,73.50299987792968,79.11989997863769,-0.4156830997373441
2024-02-05,72.77999877929688,73.27999877929688,71.41000366210938,72.75,350843,0.0069175430055929965,0.01923802225934023,74.0439998626709,73.4031999206543,78.95930000305175,-0.4116410624508823
2024-02-06,73.30999755859375,73.81999969482422,72.37999725341797,72.76000213623047,310955,0.007282203739850113,0.01673650472511702,74.17099990844727,73.32739990234376,78.80720001220703,-0.40735651279548796
2024-02-07,73.86000061035156,74.22000122070312,73.2300033569336,73.5,294955,0.007502429001149835,0.016203460468698375,74.25200004577637,73.29379989624023,78.64419998168945,-0.40291024710974227
2024-02-08,76.22000122070312,76.58999633789062,73.55999755859375,74.08000183105469,377906,0.031952350268743546,0.01725813272747791,74.49449996948242,73.32099990844726,78.49870002746582,-0.38383182618351525
2024-02-09,76.83999633789062,77.29000091552734,75.93000030517578,76.41999816894531,302612,0.008134283747808446,0.017242661204740103,74.73549995422363,73.3295997619629,78.35229995727539,-0.3788197394213231
2024-02-12,76.91999816894531,77.08999633789062,75.54000091552734,76.5999984741211,248476,0.0010411482934342686,0.017194981294390836,74.9474998474121,73.31079971313477,78.20949996948242,-0.37817299865310655
2024-02-13,77.87000274658203,78.47000122070312,76.87000274658203,77.02999877929688,338174,0.012350553825419386,0.017237812944709115,75.22099990844727,73.34899978637695,78.08540000915528,-0.3704930908028726
2024-02-14,76.63999938964844,78.7699966430664,76.37999725341797,77.80999755859375,296131,-0.015795599249386005,0.017786111668089428,75.425,73.40039978027343,77.95550003051758,-0.38043652966527003
2024-02-15,78.02999877929688,78.44000244140625,75.77999877929688,76.5999984741211,122432,0.018136735395592574,0.017646428612442956,75.62249984741212,73.50019973754883,77.83550003051758,-0.3691996709430339
2024-02-16,79.19000244140625,79.3499984741211,77.22000122070312,78.11000061035156,113713,0.014866124314449669,0.01761535210495195,75.91149978637695,73.63759979248047,77.73060005187989,-0.3598221148336773
2024-02-20,78.18000030517578,79.80000305175781,77.66999816894531,78.9800033569336,435235,-0.01275416220599035,0.01731118367509898,76.06099967956543,73.81359985351563,77.60850006103516,-0.3679870474217765
2024-02-21,77.91000366210938,78.08000183105469,76.31999969482422,77.1500015258789,323243,-0.003453525735641727,0.01709550651656012,76.2379997253418,73.985,77.45080009460449,-0.37016972041876434
2024-02-22,78.61000061035156,78.91999816894531,77.2300033569336,78.08999633789062,330511,0.008984686373241901,0.01708073822349644,76.41399993896485,74.13259994506836,77.31980010986328,-0.36451089288835564
2024-02-23,76.48999786376953,78.38999938964844,76.3499984741211,78.37000274658203,353437,-0.02696861379114235,0.016969495840787864,76.37049980163575,74.23599990844727,77.1768000793457,-0.3816491531865274
2024-02-26,77.58000183105469,78.02999877929688,75.83999633789062,76.4000015258789,274710,0.014250281052778702,0.017178753444304376,76.34899978637695,74.41539993286133,77.06440010070801,-0.37283747983021176
2024-02-27,78.87000274658203,79.0,77.16999816894531,77.62000274658203,269236,0.016628008315036746,0.017154545306321663,76.45349998474121,74.6033999633789,76.9608000946045,-0.3624090162299491
2024-02-28,78.54000091552734,79.62000274658203,77.77999877929688,78.4800033569336,330043,-0.0041841234888125856,0.01695540338638622,76.48950004577637,74.74259994506836,76.90400009155273,-0.3650767756413965
2024-02-29,78.26000213623047,79.27999877929688,77.94000244140625,78.19999694824219,317939,-0.003565046804596128,0.015868624477748876,76.61000022888183,74.87919998168945,76.8635001373291,-0.36734030665356
2024-03-01,79.97000122070312,80.8499984741211,78.05000305175781,78.27999877929688,363417,0.02185023048550372,0.014980012510761443,76.91750030517578,75.02919998168946,76.83530014038087,-0.3535165465350521
2024-03-04,78.73999786376953,80.41000366210938,78.55999755859375,80.13999938964844,347214,-0.01538080953055132,0.014542791315414473,77.24050025939941,75.13519989013672,76.75890014648438,-0.3634599853974495
2024-03-05,78.1500015258789,79.48999786376953,77.5199966430664,78.73999786376953,436521,-0.007492968680433476,0.014766228347172944,77.50900039672851,75.21379989624023,76.68070014953614,-0.3682295597907091
2024-03-06,79.12999725341797,80.66999816894531,77.98999786376953,78.1500015258789,371049,0.012539932289246991,0.014880298357268038,77.80000038146973,75.31859985351562,76.63710014343262,-0.3603072012481369
2024-03-07,78.93000030517578,79.52999877929688,78.0199966430664,79.12999725341797,432923,-0.002527447936105487,0.01492259115223251,78.05350036621094,75.42599990844727,76.59730010986328,-0.3619239914920839
2024-03-08,78.01000213623047,79.98999786376953,77.55999755859375,79.51000213623047,347533,-0.011655874387282661,0.013669055672312464,78.1430004119873,75.4747999572754,76.50050010681153,-0.36936132529679083
2024-03-11,77.93000030517578,78.47000122070312,76.79000091552734,77.80000305175781,329873,-0.0010255329940253022,0.013579418722566695,78.19750061035157,75.55119995117188,76.4132000732422,-0.37000806606500736
2024-03-12,77.55999755859375,78.7300033569336,77.33999633789062,78.08999633789062,309922,-0.0047478858608122065,0.013635415520084833,78.22950057983398,75.66699996948242,76.32220001220703,-0.372999195860563
2024-03-13,79.72000122070312,79.9000015258789,77.56999969482422,78.05999755859375,316390,0.027849455003883472,0.014739898688764073,78.32200050354004,75.8283999633789,76.23620002746583,-0.355537565178283
2024-03-14,81.26000213623047,81.62000274658203,79.56999969482422,79.62999725341797,297450,0.019317622829230663,0.014690352162509992,78.55300064086914,76.04600006103516,76.1551000213623,-0.3430880829347895
2024-03-15,81.04000091552734,81.44999694824219,80.48999786376953,81.13999938964844,185078,-0.002707374045281208,0.014296562855569565,78.70350074768066,76.21280014038086,76.07800003051757,-0.34486658920908775
2024-03-18,82.72000122070312,83.08999633789062,81.01000213623047,81.02999877929688,84718,0.02073050698662926,0.01463075614513943,78.8800006866455,76.4234001159668,76.05030006408691,-0.33128534145951244
2024-03-19,83.47000122070312,83.8499984741211,82.38999938964844,82.8499984741211,76814,0.009066731007401074,0.014259174285914361,79.14450073242188,76.61660018920898,76.04760009765624,-0.32522228552981985
2024-03-20,81.68000030517578,83.20999908447266,81.44000244140625,83.19999694824219,351161,-0.021444841132737036,0.015246023119842694,79.3330005645752,76.83480026245117,76.01050010681152,-0.3396927864165442
2024-03-21,81.06999969482422,81.91999816894531,80.30000305175781,81.48999786376953,266860,-0.007468175906861663,0.01532003668932093,79.45600051879883,77.01140029907226,75.98910011291504,-0.3446240768401551
2024-03-22,80.62999725341797,81.44999694824219,80.41999816894531,80.83999633789062,231101,-0.005427438547706553,0.013892619977507938,79.66300048828126,77.19660018920898,75.94000007629394,-0.34818108938875164
2024-03-25,81.94999694824219,82.4800033569336,80.58999633789062,80.8499984741211,300360,0.01637107453539266,0.013992909754424137,79.88150024414062,77.3952001953125,75.93640007019043,-0.3375101134195564
2024-03-26,81.62000274658203,82.36000061035156,81.22000122070312,81.94000244140625,235845,-0.004026775032933472,0.013680159679835328,80.01900024414063,77.57400024414062,75.94240013122558,-0.3401778111544094
2024-03-27,81.3499984741211,81.73999786376953,80.55000305175781,81.29000091552734,249964,-0.003308064976415892,0.013661368093837766,80.15950012207031,77.75300018310547,75.95150009155273,-0.34236054582799164
2024-03-28,83.16999816894531,83.20999908447266,81.5199966430664,81.70999908447266,293774,0.022372461327128335,0.014335040253145154,80.40499992370606,77.9652001953125,75.95860008239747,-0.32764753257233464
2024-04-01,83.70999908447266,84.48999786376953,82.5999984741211,83.13999938964844,321059,0.006492736893301654,0.01367648762641591,80.59199981689453,78.15780014038086,75.99060005187988,-0.3232821249017646
2024-04-02,85.1500015258789,85.5,83.8499984741211,84.04000091552734,344040,0.017202275201952055,0.013387518448245646,80.9125,78.39260009765626,76.03390007019043,-0.31164103778024455
2024-04-03,85.43000030517578,86.19999694824219,84.8499984741211,85.45999908447266,322549,0.0032883003438559655,0.013114424982848021,81.27649993896485,78.59740005493164,76.11450004577637,-0.30937750676808107
2024-04-04,86.58999633789062,87.22000122070312,84.63999938964844,85.66000366210938,359534,0.013578321767190316,0.013149752090013638,81.64949989318848,78.84179992675782,76.22709999084472,-0.30000001233531887
2024-04-05,86.91000366210938,87.62999725341797,86.31999969482422,86.86000061035156,353206,0.003695661597790334,0.01304552372280695,82.04850006103516,79.07820007324219,76.33880004882812,-0.29741304926245277
2024-04-08,86.43000030517578,87.0999984741211,84.69000244140625,86.0999984741211,393734,-0.005522993173487367,0.012703284587502531,82.46949996948243,79.25960006713868,76.43140007019043,-0.3012934321951576
2024-04-09,85.2300033569336,86.9800033569336,85.08999633789062,86.58999633789062,314994,-0.01388403267389926,0.013344896868088372,82.83450012207031,79.40400009155273,76.50110008239746,-0.310994297012028
2024-04-10,86.20999908447266,86.37999725341797,84.55000305175781,85.33999633789062,373939,0.011498248139624634,0.013241830000584369,83.26700019836426,79.59260009765624,76.58060005187988,-0.30307193846945585
2024-04-11,85.0199966430664,86.62999725341797,84.83999633789062,86.31999969482422,388128,-0.013803531539772207,0.012790343945006269,83.53199996948243,79.7366000366211,76.66419998168945,-0.312692006947745
2024-04-12,85.66000366210938,87.66999816894531,85.23999786376953,85.5999984741211,369958,0.007527723409939346,0.012274596799556036,83.75200004577637,79.93280014038086,76.79180000305176,-0.30751814247860715
2024-04-15,85.41000366210938,86.11000061035156,84.05000305175781,85.93000030517578,343894,-0.0029185149347662476,0.012279592539219298,83.97050018310547,80.16460021972657,76.88700004577636,-0.30953916112183805
2024-04-16,85.36000061035156,86.18000030517578,84.75,85.69999694824219,241343,-0.0005854472498986185,0.011534839417449176,84.1025001525879,80.42620025634766,76.96460006713868,-0.30994338952112194
2024-04-17,82.69000244140625,85.51000213623047,82.55000305175781,85.36000061035156,259540,-0.03127926604796116,0.013523354461681009,84.06350021362304,80.62440032958985,77.01380012512207,-0.3315278538284451
2024-04-18,82.7300033569336,83.47000122070312,81.55999755859375,82.79000091552734,84468,0.00048374548731788813,0.01258196137849724,84.11600036621094,80.81280044555665,77.0701001739502,-0.33120448344433684
2024-04-19,83.13999938964844,86.27999877929688,81.80000305175781,82.62000274658203,76901,0.004955832419659689,0.012462847510218481,84.21950035095215,80.99840042114258,77.14610015869141,-0.3278900449412672
2024-04-22,82.8499984741211,83.3499984741211,81.8499984741211,83.05000305175781,313914,-0.003488103411791066,0.012414911434844085,84.3305004119873,81.13100036621094,77.2260001373291,-0.33023443396860636
2024-04-23,83.36000061035156,83.43000030517578,80.87999725341797,82.12999725341797,355814,0.00615572897553851,0.01197013906597299,84.40100059509277,81.26140045166015,77.29550010681152,-0.32611153866696896
2024-04-24,82.80999755859375,83.70999908447266,82.44000244140625,83.4000015258789,329077,-0.006597925236693336,0.012039687119137237,84.46050033569335,81.37920043945313,77.34500007629394,-0.33055780435271465
2024-04-25,83.56999969482422,83.83000183105469,81.98999786376953,82.83000183105469,314116,0.009177661618607225,0.012139133021591595,84.57150039672851,81.49320037841797,77.42110008239746,-0.32441389040784635
2024-04-26,83.8499984741211,84.45999908447266,83.3499984741211,83.80999755859375,244090,0.00335047002895017,0.011112687145177528,84.60550041198731,81.63740036010742,77.51890007019043,-0.3221503593956829
2024-04-29,82.62999725341797,83.91000366210938,82.4000015258789,83.69000244140625,336984,-0.014549806116927466,0.011501424266036194,84.55150032043457,81.72940032958985,77.61480003356934,-0.3320129402429046
2024-04-30,81.93000030517578,83.30000305175781,80.94999694824219,82.76000213623047,400680,-0.008471462804184426,0.010824398257519664,84.39050025939942,81.78420028686523,77.71090003967285,-0.33767176777331337
2024-05-01,79.0,81.56999969482422,78.83000183105469,81.4800033569336,441978,-0.035762239646796146,0.013123009928793975,84.06900024414062,81.80060028076171,77.80710006713868,-0.361358108739043
2024-05-02,78.94999694824219,79.9000015258789,78.41000366210938,79.1500015258789,359652,-0.0006329500222508333,0.012501274319132873,83.6870002746582,81.82140014648438,77.90320007324219,-0.3617623371383269
2024-05-03,78.11000061035156,79.62999725341797,77.95999908447266,79.06999969482422,324438,-0.01063959937124892,0.012415339927126935,83.24700012207032,81.81140014648437,77.97200004577637,-0.3685529301748174
2024-05-06,78.4800033569336,79.08999633789062,77.91000366210938,78.16000366210938,297369,0.004736944612608207,0.012613818604839493,82.8495002746582,81.85120025634765,78.04360008239746,-0.3655618003792617
2024-05-07,78.37999725341797,79.16999816894531,77.55000305175781,78.72000122070312,327593,-0.0012742877069052971,0.012446548602064343,82.50699996948242,81.86720016479492,78.14130004882813,-0.36637025717782956
2024-05-08,78.98999786376953,79.2699966430664,76.88999938964844,78.33999633789062,355449,0.007782605661228903,0.012227174548267605,82.14599990844727,81.86960006713868,78.23650001525878,-0.36143896675421866
2024-05-09,79.26000213623047,79.80000305175781,78.91000366210938,79.2300033569336,272712,0.0034182083778075967,0.012128061773165761,81.85800018310547,81.88400009155274,78.31330001831054,-0.35925623208063645
2024-05-10,78.26000213623047,79.95999908447266,78.13999938964844,79.58999633789062,281169,-0.01261670417673244,0.012005963825205296,81.48800010681153,81.88400009155274,78.3816000366211,-0.36734030665356
2024-05-13,79.12000274658203,79.48999786376953,77.77999877929688,78.18000030517578,287701,0.010989018488071656,0.012491526536281085,81.17350006103516,81.86700012207031,78.44810005187988,-0.3603879975867182
2024-05-14,78.0199966430664,79.37999725341797,77.68000030517578,79.2300033569336,307410,-0.013903008914684878,0.012668092499297472,80.8064998626709,81.85260009765625,78.49389999389649,-0.36928052895820956
2024-05-15,78.62999725341797,78.91999816894531,76.69999694824219,78.44000244140625,321267,0.007818516234270767,0.011239361760037498,80.60349960327149,81.86220001220703,78.53799995422364,-0.36434923853459866
2024-05-16,79.2300033569336,79.8499984741211,78.19999694824219,78.83999633789062,230277,0.00763075320455453,0.011449317787855852,80.42849960327149,81.86420013427734,78.59139999389649,-0.3594987444495691
2024-05-17,80.05999755859375,80.13999938964844,79.0,79.37999725341797,94152,0.01047575623493291,0.01169221087265939,80.27449951171874,81.8868000793457,78.65639999389649,-0.35278900942825425
2024-05-20,79.80000305175781,80.5999984741211,79.16999816894531,80.01000213623047,85072,-0.0032474958126954556,0.011690527874325013,80.12199974060059,81.92260009765624,78.69870002746582,-0.3548908244100665
2024-05-21,79.26000213623047,79.72000122070312,78.08000183105469,79.69999694824219,371672,-0.0067669285072220475,0.011583838273636538,79.91699981689453,81.94920013427735,78.75020004272461,-0.35925623208063645
2024-05-22,77.56999969482422,78.41000366210938,77.25,78.20999908447266,314145,-0.021322260861178277,0.012306429812429945,79.65499992370606,81.94940017700195,78.80820007324219,-0.37291833784538736
2024-05-23,76.87000274658203,78.66000366210938,76.43000030517578,77.29000091552734,330273,-0.009024067951477588,0.012013185370971208,79.32000007629395,81.89240020751953,78.86040008544921,-0.3785771653757961
2024-05-24,77.72000122070312,78.05000305175781,76.1500015258789,77.04000091552734,299075,0.01105760951932444,0.012382704483707348,79.01350021362305,81.82160018920898,78.93380012512208,-0.37170571432412997
2024-05-28,79.83000183105469,80.29000091552734,77.69000244140625,77.80999755859375,334074,0.027148746490105458,0.013882099855539587,78.87350044250488,81.79740020751953,79.0051001739502,-0.35464831204113384
2024-05-29,79.2300033569336,80.62000274658203,78.98999786376953,80.26000213623047,259594,-0.007515952152811867,0.013858941011088,78.73850059509277,81.72760025024414,79.07550018310548,-0.3594987444495691
2024-05-30,77.91000366210938,79.41999816894531,77.62999725341797,79.27999877929688,373779,-0.016660351368124715,0.01189907665065609,78.68400077819824,81.61640029907227,79.11650024414062,-0.37016972041876434
2024-05-31,76.98999786376953,78.62000274658203,76.66999816894531,77.91000366210938,345120,-0.011808570852208544,0.012158923851696533,78.58600082397462,81.52260025024414,79.17870025634765,-0.3776071159000657
2024-06-03,74.22000122070312,77.5199966430664,73.9800033569336,76.97000122070312,443271,-0.035978655928368686,0.014323336540033581,78.3915008544922,81.38560028076172,79.19850028991699,-0.39999997532936227
2024-06-04,73.25,74.12999725341797,72.4800033569336,74.0199966430664,408721,-0.013069269802606143,0.014406062351872327,78.1300006866455,81.23800033569336,79.21730026245118,-0.40784153753335317
2024-06-05,74.06999969482422,74.33000183105469,72.81999969482422,72.9000015258789,307701,0.011194535082924562,0.014765629900651356,77.91450080871581,81.080400390625,79.23780029296876,-0.40121259885061966
2024-06-06,75.55000305175781,75.79000091552734,74.05999755859375,74.30000305175781,291082,0.019981144363863335,0.01545800198921391,77.74250106811523,80.95900039672851,79.26650032043457,-0.38924814134499136
2024-06-07,75.52999877929688,76.25,75.20999908447266,75.66999816894531,280253,-0.0002647818881917896,0.01541054420620783,77.55600090026856,80.84260040283203,79.29780029296874,-0.38940985737534267
2024-06-10,77.73999786376953,78.29000091552734,75.2300033569336,75.3499984741211,317031,0.029259885081295955,0.016723176214818107,77.53000068664551,80.73400039672852,79.34960029602051,-0.37154405997037304
2024-06-11,77.9000015258789,78.36000061035156,77.22000122070312,78.12000274658203,314874,0.0020581896900713215,0.01652675713745443,77.46900062561035,80.61780044555664,79.38780029296875,-0.37025057843394
2024-06-12,78.5,79.31999969482422,77.87999725341797,78.22000122070312,322285,0.007702162546450841,0.016319474493172486,77.49300079345703,80.48480041503906,79.43870025634766,-0.36540014602550475
2024-06-13,78.62000274658203,78.88999938964844,77.66999816894531,78.37000274658203,307638,0.0015286974086883287,0.016230027331465707,77.49250106811523,80.34860046386719,79.47300025939941,-0.36443003487318
2024-06-14,78.44999694824219,79.1500015258789,77.7300033569336,77.95999908447266,245827,-0.0021623733452137417,0.01613894289952899,77.45350074768066,80.18580047607422,79.51380020141602,-0.36580437442478864
2024-06-17,80.33000183105469,80.66000366210938,77.9800033569336,78.4800033569336,126733,0.02396437165004417,0.016880847163556544,77.46700096130371,80.05420043945313,79.56620025634766,-0.3506062747546721
2024-06-18,81.56999969482422,81.66999816894531,79.7699966430664,80.43000030517578,140709,0.015436298213678867,0.017188163252506546,77.55550079345703,79.9570004272461,79.60830024719239,-0.34058203955369337
2024-06-20,82.16999816894531,82.41000366210938,81.12999725341797,81.5199966430664,420499,0.007355626779034674,0.017131999197318,77.70100059509278,79.89580032348633,79.64990020751954,-0.3357316071452581
2024-06-21,80.7300033569336,81.79000091552734,80.3499984741211,81.2699966430664,290500,-0.017524581283925866,0.016879741524106803,77.85900077819824,79.78620040893554,79.6894002532959,-0.3473726325901838
2024-06-24,81.62999725341797,81.77999877929688,80.2300033569336,80.44999694824219,271745,0.011148195950211992,0.016780310736262436,78.09700050354004,79.71840042114258,79.72750022888184,-0.34009701481582816
2024-06-25,80.83000183105469,81.9000015258789,80.55000305175781,81.69999694824219,286038,-0.009800262762226009,0.016910154655329915,78.25250053405762,79.62180038452148,79.77730026245118,-0.34656423746821036
2024-06-26,80.9000015258789,81.62999725341797,80.18000030517578,80.72000122070312,308410,0.000866011298261915,0.01584902278489467,78.30600051879883,79.53160034179687,79.84810028076171,-0.3459983547151695
2024-06-27,81.73999786376953,82.04000091552734,80.51000213623047,80.86000061035156,306342,0.010383143659421501,0.015860942006768217,78.43150024414062,79.45920028686524,79.94270027160644,-0.339207761678679
2024-06-28,81.54000091552734,82.72000122070312,80.97000122070312,81.86000061035156,260252,-0.0024467452100440656,0.015304569272693901,78.61300010681153,79.43620025634766,80.03030029296875,-0.34082455192262595
2024-07-01,83.37999725341797,83.63999938964844,81.37999725341797,81.44999694824219,345780,0.02256556680440558,0.015554087049592791,78.93250007629395,79.44920013427735,80.131000289917,-0.325949884313212
2024-07-02,82.80999755859375,84.37999725341797,82.72000122070312,83.43000030517578,367787,-0.00683616830895073,0.012705003518403556,79.36199989318848,79.44260009765625,80.22050025939942,-0.33055780435271465
2024-07-03,83.87999725341797,83.93000030517578,82.45999908447266,83.19999694824219,289685,0.01292114148496526,0.01200860188360733,79.89349975585938,79.46320007324219,80.29710021972656,-0.32190784702675024
2024-07-05,83.16000366210938,84.5199966430664,83.0199966430664,83.5999984741211,361357,-0.00858361486509529,0.012440044378914938,80.34799995422364,79.45920013427734,80.36030029296874,-0.3277283289109159
2024-07-08,82.33000183105469,83.31999969482422,82.08000183105469,83.1500015258789,251774,-0.009980781559691843,0.012456305849286227,80.68699989318847,79.44960021972656,80.41440032958984,-0.3344381256088251
2024-07-09,81.41000366210938,82.4800033569336,81.25,82.22000122070312,297325,-0.011174518990454962,0.012901322997785554,80.9810001373291,79.40640029907226,80.44980033874512,-0.3418754594135321
2024-07-10,82.0999984741211,82.66000366210938,80.80999755859375,81.80999755859375,334380,0.008475553138107328,0.011507224355662387,81.19900016784668,79.37140029907226,80.50440032958984,-0.336297489898299
2024-07-11,82.62000274658203,83.12999725341797,81.62999725341797,82.4000015258789,324170,0.006333791499701924,0.011532507601745373,81.43500022888183,79.37120040893555,80.5503003692627,-0.33209373658148594
2024-07-12,82.20999908447266,83.73999786376953,82.0999984741211,82.86000061035156,370062,-0.004962522978448347,0.011608673807754624,81.62050018310546,79.37680038452149,80.58050033569336,-0.3354082367611499
2024-07-15,81.91000366210938,82.58000183105469,81.47000122070312,82.16000366210938,296520,-0.003649135454374952,0.011686028234125286,81.78500022888184,79.43500045776368,80.6178003692627,-0.3378334221270703
2024-07-16,80.76000213623047,81.93000030517578,80.22000122070312,81.91999816894531,308186,-0.014039817781266728,0.012205186196829606,81.90050048828125,79.47120056152343,80.64630035400391,-0.3471301202212512
2024-07-17,82.8499984741211,83.0999984741211,80.44999694824219,80.8499984741211,257437,0.025879102062987824,0.012396492895652618,82.02650032043456,79.56600051879883,80.6887003326416,-0.33023443396860636
2024-07-18,82.81999969482422,83.81999969482422,82.04000091552734,83.11000061035156,95704,-0.0003620854538246565,0.011965506426367014,82.08900032043456,79.65280044555664,80.75200035095214,-0.330476946337539
2024-07-19,80.12999725341797,82.87999725341797,80.06999969482422,82.47000122070312,83795,-0.03248010687416558,0.013969517166648302,81.9870002746582,79.68780044555665,80.77750030517578,-0.3522231266752134
2024-07-22,79.77999877929688,80.69000244140625,79.16999816894531,80.38999938964844,345235,-0.004367883266165551,0.01345895533623669,81.93950004577637,79.70360046386719,80.78660026550293,-0.3550525404404178
2024-07-23,76.95999908447266,78.7300033569336,76.4000015258789,78.2699966430664,417941,-0.035347201528862615,0.015238050095516011,81.7060001373291,79.65760040283203,80.77080024719238,-0.37784962826899826
2024-07-24,77.58999633789062,78.19000244140625,76.9800033569336,77.44999694824219,355971,0.00818603509501692,0.01533549394887762,81.5439998626709,79.64420028686523,80.76410018920899,-0.37275668349163044
2024-07-25,78.27999877929688,78.47000122070312,76.04000091552734,77.5,457288,0.00889293045460926,0.015516515709691649,81.41299972534179,79.62740020751953,80.74720016479492,-0.367178652299803
2024-07-26,77.16000366210938,78.5999984741211,76.19000244140625,78.3499984741211,365121,-0.014307551541297592,0.015501036881826642,81.18400001525879,79.61020034790039,80.73140022277832,-0.376232776348457
2024-07-29,75.80999755859375,77.69000244140625,75.3499984741211,77.30000305175781,362635,-0.017496190246794496,0.015846246763227097,80.8974998474121,79.55380035400391,80.70800018310547,-0.3871463263631792
2024-07-30,74.7300033569336,75.97000122070312,74.58999633789062,75.91000366210938,419478,-0.014246065643590433,0.014757779426591745,80.46500015258789,79.46380035400391,80.66400024414062,-0.39587708002772487
2024-07-31,77.91000366210938,78.66000366210938,75.18000030517578,75.23999786376953,460315,0.04255319366154864,0.018222755331279678,80.22000045776367,79.42080047607422,80.65380027770996,-0.37016972041876434
2024-08-01,76.30999755859375,78.87999725341797,76.23999786376953,78.58999633789062,383014,-0.02053659386867379,0.018230822114183566,79.84150047302246,79.35100036621094,80.63680023193359,-0.3831042890767174
2024-08-02,73.5199966430664,77.29000091552734,72.97000122070312,76.87000274658203,467786,-0.03656140747986625,0.019579285125729224,79.35950012207032,79.23620025634766,80.5927001953125,-0.40565886453636535
2024-08-05,72.94000244140625,74.45999908447266,71.66999816894531,74.20999908447266,500151,-0.007888931285946366,0.019562253106400102,78.89000015258789,79.1436003112793,80.54650024414063,-0.4103475809144493
2024-08-06,73.19999694824219,74.55999755859375,72.19999694824219,73.86000061035156,352250,0.0035644981921243435,0.019628818828067704,78.47949981689453,79.0702001953125,80.48130020141602,-0.40824576593263706
2024-08-07,75.2300033569336,75.83999633789062,72.58000183105469,72.83999633789062,427995,0.02773232914376722,0.020769840305001966,78.13600006103516,79.02040023803711,80.42100021362305,-0.39183504274126313
2024-08-08,76.19000244140625,76.5199966430664,74.5999984741211,75.47000122070312,327301,0.012760853936399252,0.020989229559582042,77.81450004577637,78.94760025024414,80.37250022888183,-0.3840743385524479
2024-08-09,76.83999633789062,77.08999633789062,75.8499984741211,76.0199966430664,263007,0.008531222938130911,0.021167159088475003,77.54599990844727,78.89980010986328,80.31370018005371,-0.3788197394213231
2024-08-12,80.05999755859375,80.16000366210938,76.69999694824219,76.98999786376953,376747,0.0419052755617495,0.0234405464194325,77.45349960327148,78.94279998779297,80.27960014343262,-0.35278900942825425
2024-08-13,78.3499984741211,80.1500015258789,78.16000366210938,79.73999786376953,370763,-0.021358969980247,0.023712347703270027,77.33299942016602,78.97,80.24630012512208,-0.36661276954676214
2024-08-14,76.9800033569336,79.0999984741211,76.83000183105469,78.7300033569336,357636,-0.017485579372921167,0.02307543896145108,77.03949966430665,79.0252000427246,80.20540016174317,-0.37768791223864695
2024-08-15,78.16000366210938,78.5999984741211,76.93000030517578,77.5199966430664,195122,0.01532866008987388,0.023448437833180145,76.8064998626709,79.1234001159668,80.18070022583008,-0.36814870177553344
2024-08-16,76.6500015258789,78.16000366210938,75.54000091552734,78.16000366210938,100810,-0.01931937135978523,0.022740677395187318,76.63250007629395,79.17500015258788,80.12770027160644,-0.3803556716500944
2024-08-19,74.37000274658203,76.87000274658203,74.16999816894531,76.58000183105469,118172,-0.029745580351059675,0.023574079479746962,76.3620002746582,79.15140014648438,80.05520027160645,-0.3987873518081049
2024-08-20,74.04000091552734,75.02999877929688,73.5,74.33999633789062,329276,-0.004437297550992092,0.022339387089316754,76.21600036621093,79.12160018920899,79.9821002960205,-0.4014551112195523
2024-08-21,71.93000030517578,74.16000366210938,71.45999908447266,73.12000274658203,390527,-0.028498117021350078,0.022982026474427847,75.9330005645752,79.00540023803711,79.86970031738281,-0.4185125135025484
2024-08-22,73.01000213623047,73.5199966430664,71.58000183105469,71.93000030517578,334117,0.0150146229177337,0.023195967353908605,75.66950073242188,78.90760025024414,79.76270034790039,-0.4097816981614084
2024-08-23,74.83000183105469,75.06999969482422,72.83000183105469,72.95999908447266,313764,0.024928087132886967,0.0238589841983361,75.55300064086914,78.83420028686524,79.65950035095214,-0.39506868490575137
2024-08-26,77.41999816894531,77.5999984741211,75.04000091552734,75.0999984741211,409675,0.03461173693057118,0.024818780789901143,75.63350067138671,78.8102001953125,79.57940032958984,-0.37413096136664475
2024-08-27,75.52999877929688,77.4800033569336,75.4000015258789,77.19999694824219,331162,-0.0244122892579266,0.025255126121730895,75.67350044250489,78.7518002319336,79.4688003540039,-0.38940985737534267
2024-08-28,74.5199966430664,75.94999694824219,73.81999969482422,75.75,337361,-0.013372198498000198,0.02342241893660306,75.50400009155274,78.63560012817383,79.34490028381347,-0.3975747899634418
2024-08-29,75.91000366210938,76.91000366210938,74.05000305175781,74.41999816894531,408147,0.018652805712012777,0.023425969582791483,75.48400039672852,78.52240020751952,79.23970031738281,-0.38633786956461136
2024-08-30,73.55000305175781,76.58999633789062,73.36000061035156,75.87000274658203,427273,-0.03108945457118406,0.02300468223531163,75.48550071716309,78.35000030517578,79.12290031433105,-0.4054162904908384
2024-09-03,70.33999633789062,74.41000366210938,70.0999984741211,73.52999877929688,546617,-0.043643869213822795,0.02497694874734849,75.35550041198731,78.14220016479493,78.96420028686524,-0.4313662241453258
2024-09-04,69.19999694824219,71.45999908447266,68.81999969482422,70.27999877929688,482025,-0.016206986764290554,0.02515588711536749,75.1555004119873,77.89360015869141,78.806000289917,-0.4405820642243311
2024-09-05,69.1500015258789,70.81999969482422,68.75,69.2699966430664,405596,-0.0007224772336431595,0.024139877758646663,74.85150032043457,77.66000015258788,78.64090026855469,-0.44098623094702066
2024-09-06,67.66999816894531,70.12999725341797,67.16999816894531,69.33000183105469,351074,-0.021402795723434842,0.024105510209923443,74.42550010681153,77.39540008544923,78.46350021362305,-0.45295068845264896
2024-09-09,68.70999908447266,68.95999908447266,67.30999755859375,68.12999725341797,351074,0.015368714994359323,0.024364111732264975,74.01900024414063,77.13480010986328,78.29700019836426,-0.4445432434956172
2024-09-10,65.75,69.08000183105469,65.2699966430664,68.77999877929688,442855,-0.0430795972043837,0.023075852016615755,73.30350036621094,76.81900009155274,78.1276001739502,-0.46847209683027946
2024-09-11,67.30999755859375,67.97000122070312,65.62999725341797,66.27999877929688,393311,0.02372619860979097,0.024042766365974754,72.75150032043457,76.49760009765625,77.9734001159668,-0.45586096023302897
2024-09-12,68.97000122070312,69.80999755859375,67.23999786376953,67.38999938964844,351976,0.02466206688931072,0.024932685264434044,72.35100021362305,76.22080017089844,77.83170013427734,-0.4424413668372107
2024-09-13,68.6500015258789,70.31999969482422,68.47000122070312,69.30999755859375,308983,-0.004639693912723342,0.024463520601208977,71.87550010681153,75.91620025634765,77.68970016479493,-0.4450282682334824
2024-09-16,70.08999633789062,70.69999694824219,68.6500015258789,69.16000366210938,295176,0.020975889002258663,0.024978357932906523,71.54749984741211,75.65480010986329,77.5570001220703,-0.4333872427885567
2024-09-17,71.19000244140625,71.91999816894531,69.61000061035156,70.5,251629,0.015694195477093498,0.024592765662975278,71.38849983215331,75.4320001220703,77.44080017089844,-0.4244947114170654
2024-09-18,70.91000366210938,71.4800033569336,69.7300033569336,71.13999938964844,102907,-0.003933119394501139,0.024590279199198123,71.23199996948242,75.22200012207031,77.31420021057129,-0.4267582424292289
2024-09-19,71.94999694824219,72.48999786376953,70.12999725341797,70.12999725341797,86630,0.014666383195923283,0.02401758773781013,71.23299980163574,75.01900009155274,77.1952001953125,-0.41835085914879144
2024-09-20,71.91999816894531,72.4000015258789,71.36000061035156,72.0999984741211,306997,-0.0004169392712893849,0.02376620968538439,71.17849960327149,74.805,77.08810020446778,-0.4185933715177241
2024-09-23,70.37000274658203,71.80999755859375,69.48999786376953,71.30999755859375,338267,-0.021551661037618852,0.0234207425082554,70.95549964904785,74.56820007324218,76.97250022888184,-0.4311236500997989
2024-09-24,71.55999755859375,72.4000015258789,70.44000244140625,70.76000213623047,318516,0.016910540934567786,0.022236874277261995,70.66249961853028,74.36119995117187,76.89810020446777,-0.4215036432981041
2024-09-25,69.69000244140625,71.72000122070312,69.2300033569336,71.54000091552734,476237,-0.026131849929932338,0.02232436246486787,70.37049980163575,74.13979995727539,76.80550025939941,-0.43662082327645063
2024-09-26,67.66999816894531,70.01000213623047,66.94999694824219,69.88999938964844,478069,-0.02898556753760073,0.02294202167670739,70.02799987792969,73.83619995117188,76.70110023498535,-0.45295068845264896
2024-09-27,68.18000030517578,68.6500015258789,67.05999755859375,67.44999694824219,341133,0.007536606325260875,0.02248012517461235,69.64149971008301,73.5433999633789,76.59810020446777,-0.44882779315101157
2024-09-30,68.16999816894531,69.31999969482422,67.56999969482422,68.62999725341797,350115,-0.00014670190944121586,0.021647645220373643,69.37249946594238,73.30419998168945,76.49600021362305,-0.4489086511661872
2024-10-01,69.83000183105469,71.94000244140625,66.33000183105469,68.41000366210938,668216,0.024350941861482678,0.02032078293989801,69.34699974060058,73.1052000427246,76.4044002532959,-0.4354890577703689
2024-10-02,70.0999984741211,72.48999786376953,69.87000274658203,70.80000305175781,429225,0.0038664848344072134,0.019979677015516444,69.39199981689453,72.96800003051757,76.3128002166748,-0.43330638477338107
2024-10-03,73.70999908447266,74.08999633789062,70.5199966430664,70.9800033569336,460554,0.051497870027547465,0.022955639304880003,69.61999969482422,72.89040008544922,76.26730018615723,-0.40412287063099966
2024-10-04,74.37999725341797,75.56999969482422,73.45999908447266,73.94999694824219,428815,0.009089651027908596,0.022219027601798547,69.95549964904785,72.81240005493164,76.21990013122559,-0.39870655546952355
2024-10-07,77.13999938964844,77.4000015258789,73.62000274658203,74.4000015258789,419018,0.03710677921682293,0.023261555555964198,70.37699966430664,72.81199996948243,76.21110015869141,-0.3763944923788083
2024-10-08,73.56999969482422,78.45999908447266,72.69000244140625,77.33000183105469,496760,-0.04627948824307726,0.02362548683375679,70.76799964904785,72.76720001220703,76.16050018310547,-0.4052546361370814
2024-10-09,73.23999786376953,74.44999694824219,71.52999877929688,73.83999633789062,401159,-0.004485548897968816,0.023345681534618093,71.06449966430664,72.73739990234375,76.10060012817382,-0.4079223955485288
2024-10-10,75.8499984741211,76.23999786376953,73.26000213623047,73.38999938964844,321453,0.035636273709432675,0.023965509148465326,71.40849952697754,72.69619979858399,76.0585001373291,-0.3868229559790709
2024-10-11,75.55999755859375,76.04000091552734,74.52999877929688,75.73999786376953,315302,-0.0038233476778023467,0.023948848190027676,71.75399932861328,72.68119979858399,76.01610008239746,-0.38916734500641004
2024-10-14,73.83000183105469,75.08000183105469,71.80999755859375,75.05000305175781,273455,-0.02289565621276679,0.024420679875756593,71.94099960327148,72.68739990234376,75.9618000793457,-0.4031527594786749
2024-10-15,70.58000183105469,72.12000274658203,69.70999908447266,71.51000213623047,328738,-0.044020044960001226,0.026346652285683246,71.9104995727539,72.64019989013671,75.89190010070801,-0.4294260018406763
2024-10-16,70.38999938964844,71.30999755859375,69.63999938964844,70.98999786376953,222437,-0.002692015251870572,0.026338610252036793,71.88449935913086,72.58399993896484,75.82710006713867,-0.43096199574604194
2024-10-17,70.66999816894531,71.11000061035156,69.44000244140625,70.68000030517578,188161,0.003977820453541003,0.026132167391015156,71.82049942016602,72.49279983520508,75.7566000366211,-0.42869846473387846
2024-10-18,69.22000122070312,71.2300033569336,68.69000244140625,70.75,95768,-0.020517857447453047,0.026509672766289474,71.68549957275391,72.35339981079102,75.65050003051758,-0.4404203481939798
2024-10-21,70.55999755859375,71.02999877929688,69.0,69.45999908447266,92584,0.01935851364142782,0.026465655391642764,71.69499931335449,72.22779983520508,75.56379997253418,-0.42958771787102756
2024-10-22,72.08999633789062,72.66000366210938,70.05000305175781,70.48999786376953,330456,0.02168365691943719,0.026642663010536253,71.72149925231933,72.06839981079102,75.505599899292,-0.4172190936427097
2024-10-23,70.7699966430664,71.72000122070312,70.12999725341797,71.3499984741211,293835,-0.018310441973630964,0.026282963673114147,71.77549896240234,71.91679977416992,75.44339988708496,-0.42789006961190496
2024-10-24,70.19000244140625,72.33999633789062,69.7699966430664,71.0199966430664,286571,-0.00819548154828098,0.025427762373475882,71.9014991760254,71.78099975585937,75.40309989929199,-0.4325787859899889
2024-10-25,71.77999877929688,71.91999816894531,69.95999908447266,70.33000183105469,287189,0.022652746581935723,0.02581836261459417,72.08149909973145,71.65339965820313,75.38839988708496,-0.4197251370238058
2024-10-28,67.37999725341797,69.0,66.91999816894531,68.9800033569336,419623,-0.06129843411404423,0.029548761728297044,72.04199905395508,71.46799957275391,75.3214998626709,-0.4552950774799881
2024-10-29,67.20999908447266,68.5199966430664,66.72000122070312,68.0199966430664,291929,-0.0025229767865074804,0.028980830194561123,71.91099891662597,71.32479949951171,75.23809982299805,-0.45666935535500247
2024-10-30,68.61000061035156,69.16999816894531,67.27999877929688,67.47000122070312,284795,0.020830256583091344,0.029391750992443687,71.8364990234375,71.2161994934082,75.16889984130859,-0.4453516386175907
2024-10-31,69.26000213623047,70.80999755859375,68.30000305175781,69.0999984741211,311055,0.009473859788609929,0.026859815293936922,71.61399917602539,71.1627995300293,75.08409988403321,-0.44009697780987156
2024-11-01,69.48999786376953,71.44999694824219,69.31999969482422,70.44000244140625,320572,0.003320758308477556,0.02675662530165969,71.36949920654297,71.09239944458008,74.99999984741211,-0.43823767519699197
2024-11-04,71.47000122070312,71.80999755859375,70.25,70.29000091552734,286947,0.02849335757378002,0.026138426391876763,71.0859992980957,71.02519943237304,74.92969985961913,-0.42223118040490193
2024-11-05,71.98999786376953,72.66999816894531,71.29000091552734,71.62000274658203,247311,0.007275732953475611,0.024194046793798454,71.00699920654297,70.91659942626953,74.86339981079101,-0.4180274887646832
2024-11-06,71.69000244140625,72.62999725341797,69.73999786376953,72.0199966430664,388265,-0.00416718198729471,0.024191600928107758,70.9294994354248,70.83979949951171,74.79579986572266,-0.42045267413060367
2024-11-07,72.36000061035156,72.87999725341797,70.66000366210938,71.87000274658203,353595,0.009345768532968313,0.022781450138648036,70.75499954223633,70.79659957885742,74.71609985351563,-0.41503635896912755
2024-11-08,70.37999725341797,72.25,69.98999786376953,72.20999908447266,362038,-0.02736323024091214,0.02347269030657617,70.49599952697754,70.6859994506836,74.60419982910156,-0.4310428537612176
2024-11-11,68.04000091552734,70.55999755859375,67.91999816894531,70.25,364506,-0.03324803110555652,0.02403545312192173,70.20649948120118,70.57579940795898,74.46289985656739,-0.4499595586570933
2024-11-12,68.12000274658203,69.12999725341797,67.75,68.1500015258789,286926,0.0011758058491799783,0.022101421142903643,70.08349952697753,70.53139953613281,74.33679985046386,-0.4493128178888768
2024-11-13,68.43000030517578,68.86000061035156,66.94000244140625,67.9800033569336,386027,0.004550756695459901,0.022140791364889726,69.98549957275391,70.51599960327148,74.20479988098144,-0.44680677450778067
2024-11-14,68.69999694824219,69.38999938964844,67.91999816894531,68.12999725341797,232270,0.003945588804067146,0.022140397790096345,69.88699951171876,70.50699951171875,74.08349983215332,-0.44462410151079285
2024-11-15,67.0199966430664,68.69000244140625,66.81999969482422,68.62000274658203,205235,-0.02445415400005735,0.022337999958781447,69.77699928283691,70.49399948120117,73.94469978332519,-0.4582053492603681
2024-11-18,69.16000366210938,69.38999938964844,66.61000061035156,66.86000061035156,110375,0.0319308732651864,0.023115475641447017,69.70699958801269,70.50299957275391,73.81889984130859,-0.440905372931845
2024-11-19,69.38999938964844,69.69000244140625,68.44999694824219,69.01000213623047,89360,0.0033255597941077575,0.022535221777433254,69.57199974060059,70.57579956054687,73.6973998260498,-0.4390460703189654
2024-11-20,68.87000274658203,70.1500015258789,68.75,69.55000305175781,235637,-0.007493826886298849,0.022242534633698817,69.47700004577636,70.60699966430664,73.55229988098145,-0.44324976195918414
2024-11-21,70.0999984741211,70.37999725341797,68.86000061035156,69.04000091552734,283850,0.01785967298513147,0.02256704229746851,69.47249984741211,70.629599609375,73.42519989013672,-0.43330638477338107
2024-11-22,71.23999786376953,71.51000213623047,69.29000091552734,70.18000030517578,408207,0.01626247381544932,0.022275496845426693,69.44549980163575,70.68139953613282,73.29879989624024,-0.42409054469437585
2024-11-25,68.94000244140625,71.4800033569336,68.73999786376953,71.44000244140625,380922,-0.03228516972672435,0.01874833767987152,69.52350006103515,70.65839965820312,73.1565998840332,-0.44268387920614327
2024-11-26,68.7699966430664,70.30000305175781,68.05000305175781,69.08000183105469,292138,-0.002465996407301163,0.01874772843279647,69.60149993896485,70.60999954223632,73.02099983215332,-0.444058218757752
2024-11-27,68.72000122070312,69.37000274658203,68.18000030517578,68.91000366210938,227215,-0.0007269946895994694,0.018177756229411385,69.60699996948242,70.5661994934082,72.89409980773925,-0.44446238548044154
2024-11-29,68.0,69.69000244140625,67.87000274658203,68.7699966430664,291408,-0.01047731676241892,0.018191657012271677,69.5439998626709,70.48719955444336,72.75309982299805,-0.4502829290412016
2024-12-02,68.0999984741211,69.11000061035156,67.70999908447266,68.0,264883,0.0014705657958984375,0.018174510504824777,69.47449989318848,70.41079956054688,72.60789978027344,-0.4494745339192281
2024-12-03,69.94000244140625,70.2300033569336,67.91000366210938,68.16000366210938,303752,0.02701914843631581,0.018051804403269894,69.39799995422364,70.40219955444336,72.48519981384277,-0.4345998046332198
2024-12-04,68.54000091552734,70.51000213623047,68.48999786376953,70.0199966430664,325636,-0.020017178681853598,0.01842687518695761,69.22550010681152,70.34179962158203,72.35149978637695,-0.44591752137063156
2024-12-05,68.30000305175781,69.16000366210938,67.9800033569336,68.73999786376953,286701,-0.003501573687828219,0.01842390846189242,69.05600013732911,70.31399963378907,72.22689979553223,-0.4478576819986868
2024-12-06,67.19999694824219,68.48999786376953,66.9800033569336,68.44000244140625,341593,-0.01610550592043225,0.018459226325498367,68.79799995422363,70.304599609375,72.07039978027343,-0.4567502133701781
2024-12-09,68.37000274658203,68.87999725341797,67.08000183105469,67.1500015258789,297085,0.017410801361211092,0.01812873515340733,68.69750022888184,70.30839965820313,71.92589981079101,-0.4472917992456459
2024-12-10,68.58999633789062,69.05999755859375,67.72000122070312,68.19000244140625,286003,0.003217691713777171,0.016506737312381912,68.725,70.31679962158204,71.81049980163574,-0.445513354647942
2024-12-11,70.29000091552734,70.52999877929688,68.44000244140625,68.5,335892,0.02478502213736955,0.01737647701404507,68.83349990844727,70.32599960327148,71.71559982299804,-0.43177039086801544
2024-12-12,70.0199966430664,70.72000122070312,69.13999938964844,70.43000030517578,326046,-0.003841289926648672,0.017405632847676475,68.91299972534179,70.32439956665038,71.64619979858398,-0.4339531255415976
2024-12-13,71.29000091552734,71.41999816894531,69.87000274658203,70.05999755859375,230429,0.01813773683730524,0.017804206190082366,69.04249992370606,70.27599960327149,71.58319984436035,-0.4236863162950919
2024-12-16,70.70999908447266,71.44000244140625,70.37000274658203,71.44000244140625,204296,-0.008135808999945704,0.016877766240554978,69.22700004577636,70.20259963989258,71.5074998474121,-0.42837509434977017
2024-12-17,70.08000183105469,70.91999816894531,69.18000030517578,70.61000061035156,99604,-0.00890959215917042,0.015591726895269928,69.27299995422364,70.0613996887207,71.43669982910156,-0.43346803912713805
2024-12-18,70.58000183105469,71.37999725341797,69.98999786376953,70.22000122070312,99386,0.0071347030099311315,0.015647668679982102,69.33250007629394,70.00159973144531,71.38439987182618,-0.4294260018406763
2024-12-19,69.91000366210938,71.26000213623047,69.69999694824219,70.13999938964844,291660,-0.009492747967746795,0.015710810276999488,69.3845001220703,69.93499984741212,71.33619987487793,-0.43484231700215237
2024-12-20,69.45999908447266,69.8499984741211,68.41999816894531,69.2300033569336,231592,-0.006436912517008175,0.0152606103376088,69.3525001525879,69.80719985961915,71.25169982910157,-0.43848018756592455
2024-12-23,69.23999786376953,69.94000244140625,68.58999633789062,69.4000015258789,188843,-0.0031673081428574834,0.014757704785952697,69.25250015258788,69.68079986572266,71.18099983215332,-0.4402586938402228
2024-12-24,70.0999984741211,70.43000030517578,69.36000061035156,69.55999755859375,122602,0.01242057534495622,0.013114844507017448,69.31049995422363,69.60619979858399,71.14679985046386,-0.43330638477338107
2024-12-26,69.62000274658203,70.75,69.33000183105469,70.19999694824219,144877,-0.006847300113940302,0.01321055011452267,69.35300025939941,69.58699981689453,71.11359985351562,-0.4371867060294915
2024-12-27,70.5999984741211,70.75,69.44000244140625,69.68000030517578,172641,0.014076352899701217,0.01353724158169889,69.4470001220703,69.59119979858399,71.08759986877442,-0.42926434748691933
2024-12-30,70.98999786376953,71.55999755859375,70.12000274658203,70.41999816894531,199296,0.005524070794298952,0.013266166238137993,69.59650001525878,69.59759979248047,71.04519981384277,-0.4261115633376067
2024-12-31,71.72000122070312,72.0199966430664,70.87000274658203,71.1500015258789,151155,0.010283186067063577,0.01338518714557016,69.77750015258789,69.64759979248046,71.00049980163574,-0.42021016176167103
2025-01-02,73.12999725341797,73.7300033569336,71.79000091552734,71.8499984741211,306498,0.01965973241377794,0.012767715820327982,69.93699989318847,69.69899978637696,70.96339981079102,-0.40881164868567793
2025-01-03,73.95999908447266,74.3499984741211,72.69999694824219,73.12999725341797,296040,0.011349676770511463,0.01176818282388609,70.20799980163574,69.7363998413086,70.9023998260498,-0.40210185198776877
2025-01-06,73.55999755859375,74.98999786376953,73.19999694824219,74.05000305175781,306042,-0.005408349524478107,0.011838627877531573,70.47099952697754,69.79219985961915,70.85449981689453,-0.40533549415225706
2025-01-07,74.25,74.52999877929688,73.11000061035156,73.44000244140625,277328,0.009380131379920664,0.010921301824937052,70.82349967956543,69.87339981079101,70.8271997833252,-0.39975746296042963
2025-01-08,73.31999969482422,75.29000091552734,73.16000366210938,74.5199966430664,328617,-0.01252525663536408,0.011187243466359213,71.07099952697754,69.90419982910156,70.77879974365234,-0.4072756547803123
2025-01-09,73.91999816894531,74.31999969482422,72.83999633789062,73.31999969482422,213421,0.008183285278483776,0.011234243949257995,71.33749961853027,70.03499984741211,70.75149971008301,-0.40242522237187706
2025-01-10,76.56999969482422,77.86000061035156,74.0199966430664,74.29000091552734,478432,0.03584958862988996,0.012520409141000517,71.65149955749511,70.22219985961914,70.77349967956543,-0.3810024124183109
2025-01-13,78.81999969482422,79.2699966430664,76.54000091552734,76.54000091552734,460942,0.029384876700634166,0.013537709718577628,72.09149971008301,70.4263998413086,70.8212996673584,-0.362813244629233
2025-01-14,77.5,79.08999633789062,77.41000366210938,78.81999969482422,326729,-0.016747014716252284,0.014129073728183903,72.40199966430664,70.59119979858399,70.87699966430664,-0.3734842205984283
2025-01-15,80.04000091552734,80.7699966430664,77.23999786376953,78.02999877929688,321422,0.032774205361643105,0.015160836607866612,72.86849975585938,70.80219985961914,70.94729965209962,-0.35295066378201123
2025-01-16,78.68000030517578,80.58999633789062,77.87000274658203,80.4000015258789,159948,-0.01699151167910251,0.015686833266424574,73.29849967956542,70.94639984130859,70.98579963684082,-0.3639450101353148
2025-01-17,77.87999725341797,79.44000244140625,77.76000213623047,78.75,112409,-0.010167806922405265,0.016088305819213333,73.66349945068359,71.06419982910157,70.99039962768555,-0.3704122944642913
2025-01-21,75.88999938964844,78.47000122070312,75.48999786376953,78.19000244140625,568807,-0.025552104955707255,0.017213983330928113,73.96249923706054,71.1481997680664,70.99399963378906,-0.38649958559496267
2025-01-22,75.44000244140625,76.44999694824219,75.27999877929688,75.87999725341797,315333,-0.0059295948328017545,0.017197769541491752,74.26149940490723,71.2097998046875,71.00319969177247,-0.3901373944821405
2025-01-23,74.62000274658203,76.0,74.13999938964844,75.38999938964844,350688,-0.010869560820350066,0.017457533254612856,74.53049964904785,71.29459991455079,70.99029968261719,-0.396766333164874
2025-01-24,74.66000366210938,75.20999908447266,74.01000213623047,74.30000305175781,319679,0.0005360615660010559,0.01735392577479574,74.75849990844726,71.42699996948242,71.00139968872071,-0.39644296278076574
2025-01-27,73.16999816894531,75.1500015258789,72.37999725341797,74.54000091552734,334418,-0.01995721162709041,0.017993132926715543,74.93599967956543,71.52799987792969,71.02969970703126,-0.4084882783015697
2025-01-28,73.7699966430664,74.30999755859375,72.93000030517578,73.1500015258789,326075,0.008200061352136911,0.017843961669777003,75.0944995880127,71.6347998046875,71.07539970397949,-0.40363784589313445
2025-01-29,72.62000274658203,74.08000183105469,72.33000183105469,73.94999694824219,312733,-0.015588910787790566,0.018265764061723994,75.17599983215332,71.71319992065429,71.11009971618653,-0.412934482310721
2025-01-30,72.7300033569336,73.83999633789062,72.0199966430664,73.0,336475,0.0015147425804351577,0.018143447558235964,75.22649993896485,71.82740005493164,71.16069976806641,-0.4120452291735719
2025-01-31,72.52999877929688,73.83999633789062,71.94000244140625,73.19999694824219,376335,-0.0027499596920842473,0.017604972441462825,75.19650001525879,71.8947999572754,71.19889976501464,-0.4136620810941132
2025-02-03,73.16000366210938,75.18000030517578,72.05000305175781,74.13999938964844,517853,0.00868612840777172,0.017522360743737347,75.15650024414063,71.97020004272461,71.27299980163575,-0.408569074640151
2025-02-04,72.69999694824219,73.3499984741211,70.66999816894531,72.3499984741211,452961,-0.006287680301271359,0.017536689156313814,75.11350021362304,72.04679992675781,71.32689979553223,-0.4122878032190988
2025-02-05,71.02999877929688,72.97000122070312,70.95999908447266,72.76000213623047,289902,-0.022971089945632905,0.018066940876954228,74.95250015258789,72.06539993286133,71.34749977111817,-0.42578819295349846
2025-02-06,70.61000061035156,71.8499984741211,70.43000030517578,71.18000030517578,299037,-0.005912968832370691,0.017925307224874686,74.81700019836425,72.05279998779297,71.36709976196289,-0.4291834894717437
2025-02-07,71.0,71.41000366210938,70.47000122070312,70.55999755859375,273766,0.0055232882917048975,0.017857624451690153,74.67100028991699,72.09399993896484,71.37619979858398,-0.42603070532243104
2025-02-10,72.31999969482422,72.54000091552734,70.83999633789062,71.0,255941,0.018591544997524245,0.0162873270754542,74.458500289917,72.165,71.38749977111816,-0.4153597293532358
2025-02-11,73.31999969482422,73.68000030517578,72.30999755859375,72.48999786376953,266819,0.0138274336866675,0.014993117810932167,74.18350028991699,72.25699996948242,71.4115997314453,-0.4072756547803123
2025-02-12,71.37000274658203,73.22000122070312,71.16999816894531,73.19999694824219,318123,-0.02659570316910187,0.015600414071306978,73.87700042724609,72.32440002441406,71.40579978942871,-0.4230395755268754
2025-02-13,71.29000091552734,71.5999984741211,70.22000122070312,71.23999786376953,278197,-0.0011209447663713679,0.013023980280652154,73.43950042724609,72.38820007324219,71.39949981689453,-0.4236863162950919
2025-02-14,70.73999786376953,72.0199966430664,70.5199966430664,71.5199966430664,207719,-0.007715009744627688,0.012762910189753033,73.04250030517578,72.40419998168946,71.4031997680664,-0.4281325819808376
2025-02-18,71.8499984741211,72.06999969482422,70.12000274658203,70.69999694824219,130937,0.015691272884813978,0.013523219355779508,72.74100036621094,72.47039993286133,71.40609977722168,-0.41915925427076495
2025-02-19,72.25,73.04000091552734,71.70999908447266,71.77999877929688,69012,0.005567175147860093,0.012668198478039669,72.55900039672852,72.54939987182617,71.43169975280762,-0.41592561210627665
2025-02-20,72.56999969482422,73.25,71.8499984741211,72.18000030517578,240060,0.004429061520058397,0.012726970806566538,72.41550025939941,72.65679992675781,71.4806997680664,-0.41333871071000494
2025-02-21,70.4000015258789,72.7699966430664,70.16999816894531,72.58000183105469,268470,-0.02990213832259503,0.014076133213333765,72.20450019836426,72.69739990234375,71.50289978027344,-0.4308811377308663
2025-02-24,70.69999694824219,70.94000244140625,69.80000305175781,69.80000305175781,205468,0.004261298520753742,0.014147231912695285,72.00649986267089,72.73959991455078,71.5281997680664,-0.4284559523649458
2025-02-25,68.93000030517578,71.26000213623047,68.68000030517578,70.91999816894531,267310,-0.02503531427819128,0.014515439393461291,71.79449996948242,72.71239990234375,71.51919975280762,-0.4427647372213189
2025-02-26,68.62000274658203,69.27999877929688,68.36000061035156,69.11000061035156,255601,-0.004497280679258475,0.014281132104130843,71.5370002746582,72.68440002441406,71.50439979553222,-0.44527078060241504
2025-02-27,70.3499984741211,70.54000091552734,68.61000061035156,68.81999969482422,265933,0.025211245384644476,0.015340329006270019,71.42350006103516,72.66559997558593,71.47079978942871,-0.43128536613015017
2025-02-28,69.76000213623047,70.29000091552734,69.13999938964844,70.16999816894531,250074,-0.008386586363717696,0.015398449663410538,71.275,72.6466000366211,71.42459983825684,-0.43605494052340976
2025-03-03,68.37000274658203,70.5999984741211,67.88999938964844,69.94999694824219,332751,-0.01992544935612217,0.015914568625634947,71.06700019836425,72.61240005493164,71.33689987182618,-0.4472917992456459
2025-03-04,68.26000213623047,68.55999755859375,66.7699966430664,68.45999908447266,386750,-0.0016089016517856214,0.01568741750959189,70.8220001220703,72.56600006103515,71.28379989624024,-0.44818105238279504
2025-03-05,66.30999755859375,68.0999984741211,65.22000122070312,68.08000183105469,382493,-0.02856730906256022,0.01666794761245448,70.50250015258788,72.49399993896485,71.21449989318847,-0.4639450348059525
2025-03-06,66.36000061035156,67.08999633789062,65.58999633789062,66.38999938964844,341632,0.0007540801326924029,0.01611605953024986,70.26900024414063,72.43199996948242,71.11959991455078,-0.46354080640666856
2025-03-07,67.04000091552734,68.22000122070312,66.12000274658203,66.33999633789062,329710,0.010247141333957543,0.01637955817941259,70.09050025939942,72.38800003051757,71.03439994812011,-0.4580436332300168
2025-03-10,66.02999877929688,67.5999984741211,65.80000305175781,67.11000061035156,249633,-0.015065664117503652,0.016497811696137753,69.84200019836426,72.30660003662109,70.95639991760254,-0.466208565818116
2025-03-11,66.25,67.16999816894531,65.29000091552734,65.94999694824219,222511,0.0033318374189050814,0.01575906892630654,69.53850021362305,72.23919998168945,70.91309989929199,-0.4644300595438177
2025-03-12,67.68000030517578,67.87999725341797,66.1500015258789,66.62000274658203,246675,0.021584910266804203,0.016313272377829844,69.25650024414062,72.18080001831055,70.88599990844726,-0.4528698304374733
2025-03-13,66.55000305175781,67.94000244140625,66.37000274658203,67.69000244140625,268590,-0.016696176836919374,0.015726997092295202,69.01550025939942,72.09200012207032,70.84479995727538,-0.46200481250130293
2025-03-14,67.18000030517578,67.4800033569336,66.58999633789062,66.77999877929688,180495,0.009466524786302388,0.015982867424381264,68.81000022888183,72.00120010375977,70.82439994812012,-0.45691186772393505
2025-03-17,67.58000183105469,68.37000274658203,67.25,67.3499984741211,161298,0.005954175707976184,0.0160556499535829,68.6520004272461,71.8902001953125,70.79459999084473,-0.4536782255594468
2025-03-18,66.9000015258789,68.72000122070312,66.55999755859375,67.4000015258789,110338,-0.010062152807804536,0.015574175563865202,68.40450057983398,71.74900024414063,70.7427000427246,-0.4591753987360986
2025-03-19,67.16000366210938,67.62999725341797,66.20999908447266,66.72000122070312,73077,0.003886429451423812,0.015527440250856051,68.15000076293946,71.62100036621094,70.70660011291504,-0.45707352207769203
2025-03-20,68.26000213623047,68.47000122070312,66.87999725341797,67.29000091552734,283376,0.01637877328975934,0.01607027928228602,67.93450088500977,71.50120040893555,70.68730010986329,-0.44818105238279504
2025-03-21,68.27999877929688,68.6500015258789,67.6500015258789,68.3499984741211,198964,0.000292948175221186,0.014768994340641797,67.82850074768066,71.400400390625,70.65230010986328,-0.44801939802903806
2025-03-24,69.11000061035156,69.33000183105469,67.94999694824219,68.3499984741211,247024,0.012155855973833951,0.015032089840145408,67.74900093078614,71.30420043945313,70.66960014343262,-0.44130960133112895
2025-03-25,69.0,69.68000030517578,68.5199966430664,69.16000366210938,258411,-0.0015916742783979032,0.013935653214023914,67.75250091552735,71.15280044555664,70.68750015258789,-0.44219885446827806
2025-03-26,69.6500015258789,70.22000122070312,69.05999755859375,69.16000366210938,262413,0.00942031196925952,0.014038844096707396,67.80400085449219,70.96940048217773,70.69790016174316,-0.4369441936605589
2025-03-27,69.91999816894531,69.97000122070312,69.12000274658203,69.95999908447266,211825,0.0038764772024604266,0.012849648193678499,67.78250083923339,70.81780044555664,70.70450012207031,-0.4347615206635711
2025-03-28,69.36000061035156,70.08999633789062,68.87000274658203,69.91000366210938,246650,-0.008009118610681987,0.012837305130110476,67.76250076293945,70.60420043945312,70.70320014953613,-0.43928858268789805
2025-03-31,71.4800033569336,71.83000183105469,68.80999755859375,69.43000030517578,313087,0.030565206573334835,0.013692034780545313,67.91800079345703,70.46020050048828,70.70330017089844,-0.4221503223897263
2025-04-01,71.19999694824219,72.0999984741211,71.02999877929688,71.38999938964844,272832,-0.003917269103824728,0.013736515713255277,68.06500053405762,70.32660049438476,70.69540016174317,-0.4244139150784841
2025-04-02,71.70999908447266,72.27999877929688,70.58999633789062,71.19999694824219,286501,0.007162951658568284,0.011696372484924248,68.33500061035156,70.24300048828125,70.69560012817382,-0.4202910197768467
2025-04-03,66.94999694824219,70.41000366210938,65.9800033569336,70.37999725341797,459238,-0.06637849947011298,0.019621122194830046,68.3645004272461,70.07320037841797,70.64150009155273,-0.45877123201340897
2025-04-04,61.9900016784668,66.9000015258789,60.45000076293945,66.63999938964844,559638,-0.0740850708867078,0.025597143960903714,68.11200046539307,69.82060035705567,70.55760013580323,-0.49886820365562107
2025-04-07,60.70000076293945,63.900001525878906,58.95000076293945,61.119998931884766,597617,-0.02080982223905059,0.025764402307091153,67.84550056457519,69.54140029907227,70.48420013427734,-0.5092966672558837
2025-04-08,59.58000183105469,61.75,57.880001068115234,61.029998779296875,557655,-0.01845138250094691,0.02590381913461403,67.51200065612792,69.26960037231446,70.39880012512207,-0.5183508221428349
2025-04-09,62.349998474121094,62.93000030517578,55.119998931884766,58.31999969482422,592250,0.04649205367467135,0.027778213087790812,67.2455005645752,69.04120040893555,70.33800010681152,-0.49595796271353826
2025-04-10,60.06999969482422,63.34000015258789,58.7599983215332,62.709999084472656,391826,-0.03656774394698992,0.02860980961427093,66.92150039672852,68.7902003479004,70.25170013427734,-0.5143896428715488
2025-04-11,61.5,61.869998931884766,59.43000030517578,60.20000076293945,306231,0.023805565381066485,0.029158203932881172,66.63750038146972,68.56560028076171,70.19650016784668,-0.5028294137652044
2025-04-14,61.529998779296875,62.68000030517578,60.59000015258789,61.70000076293945,238068,0.00048778502921753564,0.029085573667745248,66.33500022888184,68.34560028076172,70.12020011901855,-0.5025869013962717
2025-04-15,61.33000183105469,62.060001373291016,60.880001068115234,61.58000183105469,197404,-0.003250397403054772,0.029054012047805812,66.05650024414062,68.10900024414063,70.03960014343262,-0.5042036916402187
2025-04-16,62.470001220703125,62.97999954223633,60.439998626708984,61.540000915527344,213194,0.01858795623043985,0.02944543442956011,65.8220001220703,67.90440032958985,69.97560012817382,-0.49498785156121344
2025-04-17,64.68000030517578,64.86000061035156,62.61000061035156,62.630001068115234,111479,0.03537696560409609,0.030400945812275898,65.64300003051758,67.77740036010742,69.92140014648437,-0.4771220541562438
2025-04-21,63.08000183105469,64.41999816894531,62.45000076293945,64.30000305175781,82671,-0.024737143886393254,0.03080364011045332,65.38300018310547,67.62680038452149,69.83980018615722,-0.4900565611376026
2025-04-22,64.30999755859375,65.08999633789062,63.43000030517578,63.43000030517578,297928,0.01949898053004695,0.03104281777565045,65.14300003051758,67.49300033569335,69.7935001373291,-0.48011318395179947
2025-04-23,62.27000045776367,64.87000274658203,61.529998779296875,64.0,397841,-0.03172130583540156,0.03168879109778166,64.80650005340576,67.29200035095215,69.72850017547607,-0.4966046726434576
2025-04-24,62.790000915527344,63.310001373291016,61.9900016784668,62.34000015258789,264908,0.008350737978818135,0.031664720127187525,64.46350002288818,67.08140037536621,69.66920017242431,-0.49240095016494173
2025-04-25,63.02000045776367,63.40999984741211,61.79999923706055,62.86000061035156,283758,0.0036629963192029713,0.03166171762247019,64.11850013732911,66.91440032958984,69.61940017700195,-0.49054161671376495
2025-04-28,62.04999923706055,63.91999816894531,61.47999954223633,63.4900016784668,276116,-0.015391958325249866,0.031745295651921475,63.75300006866455,66.72960029602051,69.55890018463134,-0.49838317891775585
2025-04-29,60.41999816894531,62.06999969482422,60.119998931884766,61.869998931884766,312373,-0.02626915532888008,0.030920951204615448,63.19999980926514,66.52320030212402,69.46370014190674,-0.5115602291063444
2025-04-30,58.209999084472656,60.43000030517578,57.90999984741211,60.15999984741211,419549,-0.03657727824309254,0.03155503747241193,62.55049991607666,66.25040031433106,69.3604001235962,-0.529426026511314
2025-05-01,59.2400016784668,59.5,56.38999938964844,58.15999984741211,364216,0.01769459904129933,0.031934052865843054,61.92700004577637,65.99020034790038,69.26980010986328,-0.5210994087311608
2025-05-02,58.290000915527344,59.869998931884766,57.7400016784668,58.9900016784668,322096,-0.01603647427452337,0.029026136090559852,61.49400024414062,65.70460037231446,69.18070014953614,-0.5287792857430975
2025-05-05,57.130001068115234,57.70000076293945,55.29999923706055,56.7599983215332,308387,-0.019900494582135275,0.0245726884979469,61.251000213623044,65.43920036315917,69.06830013275146,-0.5381568110141569
2025-05-06,59.09000015258789,59.84000015258789,57.029998779296875,57.25,343893,0.03430770257006954,0.025631130039388068,61.17050018310547,65.2070004272461,68.97330017089844,-0.5223120322524181
2025-05-07,58.06999969482422,60.2599983215332,57.810001373291016,58.97999954223633,295238,-0.017261811730068133,0.02558992670245459,61.09500007629394,64.98980041503906,68.85110015869141,-0.5305577920173957
2025-05-08,59.90999984741211,60.290000915527344,57.7400016784668,57.93000030517578,281000,0.03168589912618658,0.02432755750500499,60.9730001449585,64.81560035705566,68.75000019073487,-0.5156830935696847
2025-05-09,61.02000045776367,61.45000076293945,59.88999938964844,60.25,239640,0.018527801922528564,0.02326936326897151,61.02050018310547,64.62900039672851,68.64730018615722,-0.506709765859612
2025-05-12,61.95000076293945,63.61000061035156,61.02000045776367,61.38999938964844,325865,0.015240909508342337,0.022904336935517963,61.04300022125244,64.4728003692627,68.5597002029419,-0.49919157403972936
2025-05-13,63.66999816894531,63.900001525878906,61.650001525878906,62.0,258795,0.027764283855099103,0.023694876223701554,61.150000190734865,64.37880027770996,68.4956001663208,-0.485286986744343
2025-05-14,63.150001525878906,63.68000030517578,62.75,63.619998931884766,225626,-0.008167059180473335,0.02377733319175923,61.241000175476074,64.27660026550294,68.42130016326904,-0.48949067838456173
2025-05-15,61.619998931884766,62.90999984741211,60.470001220703125,62.880001068115234,258404,-0.02422806899485419,0.02410502758532161,61.198500061035155,64.18280029296875,68.33840011596679,-0.5018593334511767
2025-05-16,62.4900016784668,62.709999084472656,61.25,61.70000076293945,121556,0.014118837417438801,0.022881643224041553,61.089000129699706,64.10540031433105,68.26870014190673,-0.4948261663691593
2025-05-19,62.689998626708984,63.400001525878906,61.56999969482422,62.75,95570,0.003200463160030642,0.022230084229244235,61.06949996948242,64.01840026855469,68.20320014953613,-0.4932093761252124
2025-05-20,62.560001373291016,63.16999816894531,62.189998626708984,62.68000030517578,250414,-0.002073652197570497,0.02174849102129325,60.98200016021728,63.94900032043457,68.12780017852783,-0.49426028361611846
2025-05-21,61.56999969482422,64.19000244140625,61.279998779296875,62.27000045776367,302702,-0.01582483466647533,0.02084424393979087,60.947000122070314,63.85540031433106,68.04730014801025,-0.5022635310121635
2025-05-22,61.20000076293945,61.75,60.25,61.33000183105469,258549,-0.006009402853966006,0.020775655518520276,60.867500114440915,63.725800323486325,67.95330017089844,-0.5052546299694219
2025-05-23,61.529998779296875,61.880001068115234,60.02000045776367,60.810001373291016,273392,0.005392124383064578,0.02080000167281458,60.793000030517575,63.62540023803711,67.85870018005372,-0.5025869013962717
2025-05-27,60.88999938964844,62.13999938964844,60.2599983215332,61.70000076293945,291317,-0.010401420483430623,0.02064751579073351,60.73500003814697,63.49960021972656,67.75040016174316,-0.5077607041888152
2025-05-28,61.84000015258789,62.540000915527344,60.849998474121094,61.040000915527344,260374,0.015601917760914796,0.02003655966029475,60.8060001373291,63.38480018615723,67.63750019073487,-0.5000808271768785
2025-05-29,60.939998626708984,63.06999969482422,60.54999923706055,61.83000183105469,299859,-0.014553711572739103,0.018378891569383334,60.94250011444092,63.26560012817383,67.50730018615722,-0.5073565066278285
2025-05-30,60.790000915527344,61.720001220703125,59.7400016784668,60.939998626708984,384927,-0.0024613999764007133,0.01804884704458823,61.02000007629395,63.13820007324219,67.37960021972657,-0.5085690993107888
2025-06-02,62.52000045776367,63.880001068115234,61.060001373291016,61.11000061035156,403580,0.028458620104979238,0.01851671168376469,61.23150005340576,63.02340003967285,67.2623002243042,-0.49458365400022675
2025-06-03,63.40999984741211,63.88999938964844,62.400001525878906,63.02000045776367,291260,0.014235434790978552,0.017788588468883936,61.54549999237061,62.926000061035154,67.16320022583008,-0.48738883256445237
2025-06-04,62.849998474121094,63.959999084472656,62.16999816894531,63.36000061035156,321128,-0.008831436281952154,0.01667671407959347,61.733499908447264,62.80080001831055,67.05250022888184,-0.4919159254270765
2025-06-05,63.369998931884766,63.97999954223633,62.5,62.7599983215332,232423,0.00827367494651221,0.0159893723985102,61.99849987030029,62.68819999694824,66.92050022125244,-0.4877122029485606
2025-06-06,64.58000183105469,64.80000305175781,62.81999969482422,63.33000183105469,310133,0.019094254687782586,0.015084791933344222,62.23199996948242,62.586800003051756,66.77810024261474,-0.4779304492782173
2025-06-09,65.29000091552734,65.43000030517578,64.19999694824219,64.80000305175781,235900,0.010994101336975204,0.014790643725850034,62.44549999237061,62.4942000579834,66.65600025177002,-0.47219076373263297
2025-06-10,64.9800033569336,66.27999877929688,64.56999969482422,65.45999908447266,279021,-0.004748009714302559,0.014629368488670863,62.59700012207031,62.40660011291504,66.50540027618408,-0.474696807113729
2025-06-11,68.1500015258789,68.37000274658203,64.5999984741211,64.76000213623047,378473,0.048784210606031886,0.0170888540105927,62.821000289916995,62.34000007629395,66.40010028839112,-0.4490703055199442
2025-06-12,68.04000091552734,69.29000091552734,66.72000122070312,69.02999877929688,379394,-0.0016140954935971452,0.01691445393742088,63.065500259399414,62.27680015563965,66.3017003250122,-0.4499595586570933
2025-06-13,72.9800033569336,77.62000274658203,68.48999786376953,68.9000015258789,715652,0.07260438528710988,0.021645335777398647,63.633500480651854,62.30220024108887,66.27260036468506,-0.410024210530341
2025-06-16,71.7699966430664,77.48999786376953,69.37999725341797,76.54000091552734,367312,-0.016579976133314744,0.022319710611230555,64.09750022888184,62.39860023498535,66.23590030670167,-0.41980599503898147
2025-06-17,74.83999633789062,75.54000091552734,71.0,71.11000061035156,154264,0.042775530701112396,0.02366248247438696,64.70500011444092,62.65560012817383,66.23810024261475,-0.39498788856717004
2025-06-18,75.13999938964844,76.06999969482422,72.94000244140625,75.61000061035156,0,0.00400859254994268,0.023549378951749626,65.3340000152588,62.94440010070801,66.24290019989013,-0.39256264152465525
2025-06-20,74.93000030517578,77.58000183105469,74.30000305175781,74.5999984741211,678377,-0.0027947709100140106,0.022986564754995435,66.00200004577637,63.25140007019043,66.26050022125244,-0.3942602897837779
2025-06-23,68.51000213623047,78.4000015258789,66.5999984741211,78.0,728868,-0.08567994318427696,0.03132007712346624,66.36750011444092,63.374600143432616,66.20790027618408,-0.44616003373956414
2025-06-24,64.37000274658203,67.83000183105469,64.0,67.73999786376953,541475,-0.060429123639729965,0.03467948895833884,66.50950031280517,63.460600204467774,66.12540027618408,-0.4796280975373399
2025-06-25,64.91999816894531,66.02999877929688,64.51000213623047,65.12000274658203,278504,0.008544281480436622,0.03455738814544571,66.71100025177002,63.52900016784668,66.0473002243042,-0.4751818935281886
2025-06-26,65.23999786376953,66.41999816894531,64.66000366210938,64.9800033569336,233771,0.004929138999533844,0.03444752217360459,66.8810001373291,63.603200149536136,65.97440021514893,-0.47259499213191686
2025-06-27,65.5199966430664,66.08999633789062,64.80000305175781,65.30000305175781,236284,0.004291826923133124,0.034191674152029033,67.11000003814698,63.687000045776365,65.8980001449585,-0.4703314611197534
2025-06-30,65.11000061035156,65.81999969482422,64.5,65.1500015258789,193289,-0.00625757102748925,0.03424105884811835,67.32600002288818,63.73980003356934,65.82210018157959,-0.47364589962282294
2025-07-01,65.44999694824219,65.9800033569336,64.66999816894531,64.95999908447266,193162,0.005221875820971444,0.03375839939789298,67.47249984741211,63.755199966430666,65.76630016326904,-0.47089734387279425
2025-07-02,67.44999694824219,67.58000183105469,65.2300033569336,65.55999755859375,265200,0.030557679041323782,0.034242185086686736,67.67449970245362,63.842599868774414,65.73470012664795,-0.45472919472694723
2025-07-03,67.0,67.58000183105469,66.52999877929688,67.5,0,-0.006671563656073909,0.03420410985269726,67.88199977874756,63.89639991760254,65.69470012664794,-0.4583670036141251
2025-07-04,66.5,67.18000030517578,66.04000091552734,67.12999725341797,0,-0.007462686567164201,0.03427586208127666,68.03849983215332,63.98099990844727,65.63650012969971,-0.4624090409005868
2025-07-07,67.93000030517578,68.31999969482422,65.4000015258789,65.69999694824219,332949,0.021503763987605673,0.034339663828815516,68.20599975585938,64.08379989624024,65.58260013580322,-0.45084881179424247
2025-07-08,68.33000183105469,68.91000366210938,67.33000183105469,67.95999908447266,219882,0.005888436980449052,0.03429683234345096,68.35799980163574,64.18999992370605,65.55220012664795,-0.4476151696297542
2025-07-09,68.37999725341797,68.94000244140625,67.69999694824219,68.18000030517578,223945,0.0007316759991737865,0.03425485583256855,68.52799949645996,64.31659988403321,65.52310009002686,-0.4472110029070646
2025-07-10,66.56999969482422,68.6500015258789,66.44999694824219,68.29000091552734,258654,-0.02646969335032079,0.03308785467621776,68.44899940490723,64.43959991455078,65.4814001083374,-0.46184315814754595
2025-07-11,68.44999694824219,68.7699966430664,66.5,66.8499984741211,226297,0.028240908247505025,0.03370945016441294,68.46949920654296,64.64439987182617,65.44740009307861,-0.44664512015402374
2025-07-14,66.9800033569336,69.6500015258789,66.80000305175781,68.68000030517578,263877,-0.021475436915214363,0.02946626250436454,68.16949920654297,64.79919990539551,65.39470012664795,-0.45852865796788206
2025-07-15,66.5199966430664,67.12999725341797,66.22000122070312,66.86000061035156,252724,-0.006867821600662349,0.02932523069282747,67.90699920654296,64.96379981994629,65.33420009613037,-0.46224738654682984
2025-07-16,66.37999725341797,67.01000213623047,65.41999816894531,66.7300033569336,248346,-0.0021046211171603657,0.027252065933534034,67.48399925231934,65.14879974365235,65.29400005340577,-0.46337915205291164
2025-07-17,67.54000091552734,67.69000244140625,66.29000091552734,66.5999984741211,188802,0.01747519900732808,0.027665574726557982,67.10399932861328,65.31779975891114,65.26240009307861,-0.45400159594355505
2025-07-18,67.33999633789062,68.95999908447266,67.19999694824219,67.5999984741211,107628,-0.0029612759094698182,0.027664919792529972,66.72449913024903,65.50319969177247,65.24650005340577,-0.4556184478640964
2025-07-21,67.19999694824219,67.76000213623047,66.45999908447266,67.31999969482422,81194,-0.002078993128332929,0.020108951597101545,66.65899887084962,65.64899963378906,65.23229999542237,-0.4567502133701781
2025-07-22,66.20999908447266,67.12999725341797,65.98999786376953,67.12000274658203,269991,-0.014732111737029263,0.01489316342972054,66.75099868774414,65.75279960632324,65.19090000152588,-0.46475342992792595
2025-07-23,65.25,65.77999877929688,64.70999908447266,65.48999786376953,251825,-0.01449930671722044,0.015208764500706275,66.76749877929687,65.81879959106445,65.14579998016357,-0.4725141341167412
2025-07-24,66.02999877929688,66.38999938964844,65.33000183105469,65.41999816894531,281209,0.011954004280411823,0.01539968994649101,66.80699882507324,65.86599960327149,65.12239994049072,-0.466208565818116
2025-07-25,65.16000366210938,66.73999786376953,65.0,66.1500015258789,234283,-0.013175755463746608,0.01567890753649683,66.78899917602538,65.9061996459961,65.09139995574951,-0.47324167122353905
2025-07-28,66.70999908447266,67.13999938964844,65.05000305175781,65.1500015258789,262038,0.023787528165297056,0.01648261097876913,66.86899909973144,66.00799964904785,65.0953999710083,-0.4607113926414642
2025-07-29,69.20999908447266,69.76000213623047,66.52999877929688,67.04000091552734,329112,0.03747564134777348,0.01835376604044469,67.05699920654297,66.14239959716797,65.12389995574951,-0.44050120620915545
2025-07-30,70.0,70.51000213623047,68.44999694824219,69.33999633789062,345336,0.011414548850999573,0.017307918391479497,67.18449935913085,66.28859962463379,65.15349994659424,-0.4341147798953546
2025-07-31,69.26000213623047,70.41000366210938,68.55999755859375,70.30000305175781,247031,-0.010571398053850434,0.01743225925445738,67.29749946594238,66.42259963989258,65.18579998016358,-0.44009697780987156
2025-08-01,67.33000183105469,69.58000183105469,67.05000305175781,69.3499984741211,355819,-0.02786601567495739,0.0185634021159708,67.33899955749511,66.53779968261719,65.19659999847413,-0.45569924420267766
2025-08-04,66.29000091552734,67.73999786376953,65.45999908447266,66.8499984741211,277375,-0.01544632240077648,0.0182283869782489,67.25699958801269,66.63959968566894,65.18270000457764,-0.46410668915970943
2025-08-05,65.16000366210938,66.38999938964844,65.02999877929688,66.20999908447266,279030,-0.017046269992633034,0.018487552603173776,67.09849967956544,66.71219978332519,65.16880001068115,-0.47324167122353905
2025-08-06,64.3499984741211,66.75,63.63999938964844,65.1500015258789,353827,-0.012431018147092243,0.01861116660957278,66.89699974060059,66.78139976501465,65.14049999237061,-0.47978981356769124
2025-08-07,63.880001068115234,65.11000061035156,63.70000076293945,64.36000061035156,300518,-0.007303767166286335,0.01780809883110061,66.76249980926514,66.82219978332519,65.1034999847412,-0.4835893076469232
2025-08-08,63.880001068115234,64.58000183105469,62.77000045776367,63.849998474121094,322939,0.0,0.016351561958257578,66.53400001525878,66.88099983215332,65.07329998016357,-0.4835893076469232
2025-08-11,63.959999084472656,64.44000244140625,63.02000045776367,63.47999954223633,234807,0.0012523170792080318,0.01580419254692425,66.38299980163575,66.94439979553222,65.04129993438721,-0.4829425977170039
2025-08-12,63.16999816894531,64.33999633789062,63.060001373291016,64.0,304441,-0.012351484159403792,0.01593669820499302,66.21549987792969,66.95739974975587,64.99039989471436,-0.48932902403080475
2025-08-13,62.650001525878906,63.380001068115234,61.939998626708984,63.06999969482422,298939,-0.008231702677522601,0.01598830537886697,66.02900009155273,66.9421997833252,64.93409992218018,-0.49353271567102347
2025-08-14,63.959999084472656,64.0999984741211,62.58000183105469,62.790000915527344,251652,0.0209097769622979,0.01623372754176163,65.85,66.96439979553223,64.88259990692139,-0.4829425977170039
2025-08-15,62.79999923706055,64.1500015258789,62.68000030517578,63.90999984741211,197390,-0.018136333083433653,0.016602198033230424,65.6230001449585,66.95299980163574,64.82059989929199,-0.4923201229880632
2025-08-18,63.41999816894531,63.790000915527344,62.18000030517578,63.0,95113,0.009872594576703086,0.01686353549825695,65.43400020599366,66.92979972839356,64.75829986572266,-0.48730800538757385
2025-08-19,62.349998474121094,63.38999938964844,62.25,63.27000045776367,99484,-0.016871644997116464,0.016950069051458704,65.24100017547607,66.87099967956543,64.68259986877442,-0.49595796271353826
2025-08-20,63.209999084472656,63.54999923706055,62.38999938964844,62.599998474121094,280663,0.013793113574950722,0.017107715163703602,65.13900012969971,66.83559959411622,64.62109985351563,-0.48900565364669646
2025-08-21,63.52000045776367,63.66999816894531,62.52000045776367,62.849998474121094,250166,0.004904309093197945,0.016888253555354196,65.01350021362305,66.7429995727539,64.54149982452392,-0.4864995794273032
2025-08-22,63.65999984741211,63.93000030517578,63.310001373291016,63.5,223169,0.002204020602007528,0.016692072184043942,64.93850002288818,66.6553995513916,64.46609985351563,-0.48536781392122147
2025-08-25,64.80000305175781,65.0999984741211,63.529998779296875,63.880001068115234,185270,0.017907684685488423,0.01627858298091718,64.84300022125244,66.49179954528809,64.39699989318848,-0.47615194300391905
2025-08-26,63.25,64.76000213623047,63.130001068115234,64.75,199101,-0.023919799054944124,0.014237244380168745,64.54500026702881,66.32139961242676,64.35999992370606,-0.4886822832625882
2025-08-27,64.1500015258789,64.2300033569336,62.95000076293945,63.310001373291016,193476,0.014229273136425302,0.014414564818852237,64.25250034332275,66.10759971618653,64.38159992218017,-0.4814066038116382
2025-08-28,64.5999984741211,64.69999694824219,63.349998474121094,63.869998931884766,208931,0.007014761302237105,0.014544786681776561,64.01950016021729,65.89679969787598,64.42059989929199,-0.47776879492446034
2025-08-29,64.01000213623047,64.55000305175781,63.880001068115234,64.26000213623047,0,-0.009133070461711856,0.013446376656971081,63.85350017547607,65.67839973449708,64.46489990234375,-0.48253836931771993
2025-09-02,65.58999633789062,66.02999877929688,63.65999984741211,63.95000076293945,320218,0.024683551772073153,0.01436595424884764,63.81849994659424,65.61999961853027,64.49729988098144,-0.4697655783667125
2025-09-03,63.970001220703125,65.72000122070312,63.720001220703125,65.62000274658203,298737,-0.024698813960013055,0.014922850607885165,63.758999824523926,65.6119995880127,64.53629989624024,-0.4828617397018282
2025-09-04,63.47999954223633,63.84000015258789,62.720001220703125,63.81999969482422,251689,-0.007659866642432012,0.01476468588314829,63.71549987792969,65.58319961547852,64.5560998916626,-0.4868229498114115
2025-09-05,61.869998931884766,63.4900016784668,61.45000076293945,63.33000183105469,294540,-0.025362328638335097,0.01571906227662911,63.614999771118164,65.51579963684082,64.55949989318847,-0.4998383148079459
2025-09-08,62.2599983215332,63.34000015258789,61.849998474121094,62.0,237288,0.00630352992373262,0.015813205113696993,63.533999633789065,65.45059967041016,64.56879985809326,-0.49668553065863325
2025-09-09,62.630001068115234,63.66999816894531,62.369998931884766,62.43000030517578,268529,0.005942864705379636,0.01588555332079378,63.46749973297119,65.40099967956543,64.57039985656738,-0.4936944008630776
2025-09-10,63.66999816894531,64.08000183105469,62.720001220703125,62.7400016784668,260684,0.016605414068235458,0.01610782641714045,63.49249973297119,65.36539970397949,64.56029983520507,-0.485286986744343
2025-09-11,62.369998931884766,63.79999923706055,62.209999084472656,63.79999923706055,222661,-0.02041776777833515,0.016676646426218956,63.47849960327149,65.26379974365234,64.55319980621339,-0.49579627752148414
2025-09-12,62.689998626708984,63.97999954223633,61.689998626708984,62.27000045776367,313265,0.0051306669922135395,0.015989915516978793,63.4149995803833,65.17759971618652,64.53699981689454,-0.4932093761252124
2025-09-15,63.29999923706055,63.66999816894531,62.52000045776367,62.970001220703125,205560,0.00973042947382785,0.015616901731234194,63.4399995803833,65.11359970092774,64.5472998046875,-0.48827808570160147
2025-09-16,64.5199966430664,64.76000213623047,62.88999938964844,63.310001373291016,234250,0.019273260990682273,0.016048926086985663,63.49499950408936,65.04539962768554,64.5645997619629,-0.47841553569267686
2025-09-17,64.05000305175781,64.66999816894531,63.689998626708984,64.58999633789062,165427,-0.00728446397647331,0.015625148163061663,63.57999973297119,64.9597996520996,64.57489978790284,-0.4822149989336117
2025-09-18,63.56999969482422,64.55000305175781,63.33000183105469,63.9900016784668,82321,-0.007494197253132273,0.01546519672558562,63.59799976348877,64.86359970092774,64.59009979248047,-0.48609538186631646
2025-09-19,62.68000030517578,63.650001525878906,62.599998474121094,63.59000015258789,87165,-0.014000305079770237,0.01575036843070876,63.555999755859375,64.78579971313476,64.61269981384277,-0.49329020330209084
2025-09-22,62.63999938964844,63.18000030517578,61.97999954223633,62.7400016784668,223779,-0.0006381766964356217,0.015737054559080244,63.50499973297119,64.66959976196289,64.65699981689453,-0.4936135736861991
2025-09-23,63.40999984741211,63.88999938964844,61.849998474121094,62.33000183105469,265948,0.012292472306296265,0.015434998031777235,63.435499572753905,64.59819969177246,64.69869979858399,-0.48738883256445237
2025-09-24,64.98999786376953,65.05000305175781,63.25,63.63999938964844,282721,0.024917174265249642,0.015476223977193152,63.52249946594238,64.56759971618652,64.76569976806641,-0.47461601077514776
2025-09-25,64.9800033569336,65.33999633789062,64.05999755859375,64.80000305175781,258353,-0.00015378530796217316,0.015183613331782798,63.563999557495116,64.53959983825683,64.84419979095459,-0.474696807113729
2025-09-26,65.72000122070312,66.41999816894531,64.66000366210938,65.19999694824219,284990,0.011388085957840577,0.015309513804362839,63.619999694824216,64.50319984436035,64.91049980163574,-0.4687146091992121
2025-09-29,63.45000076293945,65.4000015258789,62.97999954223633,65.06999969482422,294292,-0.03454048106512475,0.017137142095094093,63.59199962615967,64.42539993286132,64.9642998123169,-0.4870654621803441
2025-09-30,62.369998931884766,63.2599983215332,62.029998779296875,63.13999938964844,271649,-0.017021305249305896,0.016461250478816563,63.430999755859375,64.32879997253418,64.98889980316162,-0.49579627752148414
2025-10-01,61.779998779296875,62.88999938964844,61.400001525878906,62.459999084472656,274339,-0.009459678734839105,0.015709529283022758,63.32149963378906,64.24019996643067,64.99649978637696,-0.5005658827530409
2025-10-02,60.47999954223633,62.540000915527344,60.400001525878906,61.779998779296875,290507,-0.021042396612934056,0.016255730880274016,63.17149963378906,64.1447999572754,64.98179977416993,-0.511075173530182
2025-10-03,60.880001068115234,61.380001068115234,60.54999923706055,60.70000076293945,240044,0.006613781893294535,0.015418115507413387,63.121999740600586,64.04180000305176,64.95389980316162,-0.5078415313656938
2025-10-06,61.689998626708984,62.119998931884766,61.040000915527344,61.13999938964844,224682,0.013304821688282953,0.015662863420887414,63.093499755859376,63.97239990234375,64.93929977416992,-0.5012934506981359
2025-10-07,61.72999954223633,62.11000061035156,60.720001220703125,61.72999954223633,245121,0.0006484181620654006,0.015595635646455058,63.04849967956543,63.87279991149902,64.94039978027344,-0.5009700803140276
2025-10-08,62.54999923706055,62.91999816894531,62.04999923706055,62.04999923706055,273318,0.013283649779766593,0.015419368804823943,62.99249973297119,63.73959991455078,64.94099975585938,-0.4943411416312941
2025-10-09,61.5099983215332,62.869998931884766,61.25,62.310001373291016,259171,-0.01662671348061584,0.015186715440736706,62.949499702453615,63.56979988098144,64.92919975280762,-0.5027485865883259
2025-10-10,58.900001525878906,61.66999816894531,58.220001220703125,61.4900016784668,339103,-0.0424320739209092,0.01775207820484005,62.75999984741211,63.36259986877442,64.8925997543335,-0.5238479953194866
2025-10-13,59.4900016784668,60.16999816894531,59.0,59.0,339103,0.010016980259816455,0.017762973658686804,62.56949996948242,63.20579986572265,64.87179977416992,-0.5190783900879299
2025-10-14,58.70000076293945,59.81999969482422,57.68000030517578,59.58000183105469,259200,-0.013279557795226826,0.017098676886679827,62.278500175476076,63.0539998626709,64.84679977416992,-0.5254648164017307
2025-10-15,58.27000045776367,59.41999816894531,58.20000076293945,58.599998474121094,224919,-0.007325388408636391,0.01709902059387373,61.98950004577637,62.91619979858398,64.81419979095459,-0.5289409709351516
2025-10-16,57.459999084472656,59.11000061035156,57.2599983215332,58.77000045776367,203866,-0.013900830048527935,0.017216148419976974,61.68400001525879,62.778399810791015,64.77989978790283,-0.5354890824410067
2025-10-17,57.540000915527344,57.720001220703125,56.599998474121094,57.5,108748,0.0013923047742669947,0.01713165997174034,61.42700004577637,62.65159980773926,64.73689979553222,-0.5348423416727901
2025-10-20,57.52000045776367,57.810001373291016,56.349998474121094,57.72999954223633,108146,-0.00034759223923253035,0.017134898471505122,61.17100009918213,62.524399795532226,64.70269981384277,-0.5350040268648443
2025-10-21,57.81999969482422,58.279998779296875,56.9900016784668,57.369998931884766,314207,0.005215563885136554,0.016848957558047262,60.891500091552736,62.40159980773926,64.67299980163574,-0.5325788106606266
2025-10-22,58.5,59.83000183105469,57.34000015258789,57.59000015258789,378637,0.011760641798077565,0.015869699892246313,60.567000198364255,62.30819984436035,64.63279979705811,-0.5270816374839749
2025-10-23,61.790000915527344,62.20000076293945,59.63999938964844,59.939998626708984,735186,0.05623933188935637,0.020984945120586646,60.40750007629394,62.29099983215332,64.61659980773926,-0.5004850247378653
2025-10-24,61.5,62.59000015258789,61.209999084472656,61.790000915527344,373744,-0.004693330817777452,0.020739288210553476,60.19650001525879,62.24179985046387,64.60309982299805,-0.5028294137652044
2025-10-27,61.310001373291016,62.16999816894531,60.66999816894531,61.81999969482422,272191,-0.0030894085643736746,0.01937835321205575,60.08950004577637,62.21199989318848,64.58249984741211,-0.5043653768322729
2025-10-28,60.150001525878906,61.5,59.7599983215332,61.5,307568,-0.018920238483593477,0.01946268134354989,59.97850017547607,62.14659996032715,64.53819984436035,-0.5137429021033322
2025-10-29,60.47999954223633,61.02000045776367,59.70000076293945,60.18000030517578,276875,0.005486251171838097,0.01943322413325545,59.913500213623045,62.10919998168945,64.49009983062744,-0.511075173530182
2025-10-30,60.56999969482422,60.790000915527344,59.63999938964844,60.38999938964844,247917,0.001488097772306407,0.018847412364023392,59.91800022125244,62.056399993896484,64.44599979400635,-0.510347605585087
2025-10-31,60.97999954223633,61.380001068115234,59.9900016784668,60.29999923706055,278598,0.0067690250863108314,0.018850206522203494,59.92300014495849,62.00559997558594,64.37429977416993,-0.5070331362437203
2025-11-03,61.04999923706055,61.5,60.5099983215332,61.400001525878906,0,0.0011479123540454328,0.018601431146235768,59.89100017547607,61.95339996337891,64.30439975738526,-0.5064672534906793
2025-11-04,60.560001373291016,61.029998779296875,59.939998626708984,61.029998779296875,219300,-0.008026173135020742,0.018677697245245324,59.832500267028806,61.86859992980957,64.18019973754883,-0.5104284327619655
2025-11-05,59.599998474121094,61.09000015258789,59.52000045776367,60.43000030517578,292518,-0.01585209506935903,0.01865829090176666,59.68500022888183,61.79559989929199,64.05849975585937,-0.5181891677890779
2025-11-06,59.43000030517578,60.5099983215332,58.83000183105469,59.68000030517578,277768,-0.0028523183439195243,0.018351336520065615,59.581000328063965,61.70119987487793,63.90439979553223,-0.5195634456640923
2025-11-07,59.75,60.459999084472656,59.31999969482422,59.650001525878906,259446,0.005384480787161472,0.015664326866501276,59.62350025177002,61.60419990539551,63.75049980163574,-0.5169765442678205
2025-11-10,60.130001068115234,60.47999954223633,59.40999984741211,59.869998931884766,222879,0.006359850512388965,0.01557252386741407,59.65550022125244,61.5265998840332,63.60249980926514,-0.5139045872953864
2025-11-11,61.040000915527344,61.279998779296875,59.65999984741211,60.06999969482422,264427,0.015133873794235697,0.015531078992509995,59.77250022888184,61.43559997558594,63.52779979705811,-0.5065480806675579
2025-11-12,58.4900016784668,61.060001373291016,58.29999923706055,61.04999923706055,329517,-0.04177587154019646,0.0182926728550434,59.783500289916994,61.32599998474121,63.468999786376955,-0.5271624646608534
2025-11-13,58.689998626708984,59.209999084472656,58.119998931884766,58.470001220703125,247349,0.0034193356557179477,0.01799018804262311,59.84500026702881,61.23019996643066,63.40669979095459,-0.5255456744169064
2025-11-14,60.09000015258789,60.650001525878906,58.709999084472656,58.709999084472656,334116,0.023854175475168438,0.018689569388710435,59.972500228881835,61.19459999084473,63.35519981384277,-0.5142279576794946
2025-11-17,59.90999984741211,60.439998626708984,59.31999969482422,59.79999923706055,189638,-0.0029955118109286083,0.018718929282634147,60.09200019836426,61.14760002136231,63.29909984588623,-0.5156830935696847
2025-11-18,60.7400016784668,60.93000030517578,59.310001373291016,59.7400016784668,105325,0.01385414510380012,0.018890983477663974,60.238000297546385,61.109800033569336,63.25539985656738,-0.5089732968717755
2025-11-19,59.439998626708984,60.790000915527344,58.77000045776367,60.619998931884766,79622,-0.021402749684458433,0.019493636570846865,60.285000228881835,61.025200042724606,63.19529987335205,-0.5194826184872138
2025-11-20,59.13999938964844,60.33000183105469,58.86000061035156,59.630001068115234,324282,-0.005047093606858621,0.014535853674027994,60.15250015258789,60.96060005187988,63.11219989776611,-0.5219078346914314
2025-11-21,58.060001373291016,58.79999923706055,57.380001068115234,58.79999923706055,345014,-0.018261718422446616,0.014973888427340121,59.98050022125244,60.86800010681152,63.02279991149902,-0.5306386191942742
2025-11-24,58.84000015258789,59.060001373291016,57.41999816894531,58.04999923706055,238138,0.013434356886799836,0.015404774639834033,59.85700016021728,60.77880012512207,62.946199913024905,-0.524333050895649
2025-11-25,57.95000076293945,58.959999084472656,57.099998474121094,58.88999938964844,334442,-0.015125754373562672,0.015206735221732638,59.74700012207031,60.64740020751953,62.84639991760254,-0.5315278723314234
2025-11-26,58.650001525878906,58.720001220703125,57.65999984741211,58.04999923706055,228285,0.012079391781252946,0.015441522162516584,59.65550022125244,60.53940017700195,62.74959991455078,-0.5258690139627175
2025-11-28,58.54999923706055,59.63999938964844,58.27000045776367,58.58000183105469,153758,-0.001705068818697919,0.01542636374267383,59.55450019836426,60.43900016784668,62.651299934387204,-0.5266774399229881
2025-12-01,59.31999969482422,59.970001220703125,58.83000183105469,58.959999084472656,232770,0.013151160850507493,0.015672219048432592,59.47150020599365,60.37180015563965,62.578799934387206,-0.5204526988012413
2025-12-02,58.63999938964844,59.66999816894531,58.279998779296875,59.52000045776367,255513,-0.011463255372118786,0.015823158367873333,59.351000213623045,60.29180015563965,62.48069995880127,-0.5259498719778931
2025-12-03,58.95000076293945,59.63999938964844,58.369998931884766,58.650001525878906,260974,0.005286517334884833,0.015831534006464882,59.27050018310547,60.202600173950195,62.400399932861326,-0.5234437977584999
2025-12-04,59.66999816894531,60.02000045776367,58.810001373291016,59.09000015258789,264993,0.012213696296650589,0.015710274717660958,59.27400016784668,60.096200180053714,62.33189994812012,-0.517623285036037
2025-12-05,60.08000183105469,60.5,59.41999816894531,59.70000076293945,255075,0.0068711861017412,0.01576196009767458,59.30650024414062,59.99820014953613,62.26889999389648,-0.5143087848563731
2025-12-08,58.880001068115234,60.29999923706055,58.68000030517578,60.150001525878906,263009,-0.019973380931542994,0.016370348945644753,59.263000297546384,59.86140014648438,62.18229999542236,-0.5240096805115407
2025-12-09,58.25,59.16999816894531,58.119998931884766,58.869998931884766,260206,-0.010699746207314398,0.016432691841621303,59.169000244140626,59.75740013122559,62.09140003204346,-0.5291026561272058
2025-12-10,58.459999084472656,59.04999923706055,57.65999984741211,58.369998931884766,256508,0.0036051344973846433,0.016017001147471323,59.04000015258789,59.679200134277345,62.00400005340576,-0.5274050078680831
2025-12-11,57.599998474121094,58.939998626708984,57.0099983215332,58.90999984741211,286808,-0.014710924115973634,0.013414461002799014,58.995499992370604,59.59560012817383,61.91790004730225,-0.5343573169349249
2025-12-12,57.439998626708984,58.189998626708984,57.150001525878906,57.88999938964844,212806,-0.0027777752022684066,0.013386311616757286,58.932999992370604,59.53480010986328,61.83980003356933,-0.5356507676330607
2025-12-15,56.81999969482422,57.79999923706055,56.400001525878906,57.5,229310,-0.010793853529036723,0.012190345282318894,58.769499969482425,59.45360008239746,61.74770004272461,-0.5406628852335501
2025-12-16,55.27000045776367,56.70000076293945,54.97999954223633,56.68000030517578,230933,-0.027279113787143094,0.01337107368901187,58.5375,59.325200119018554,61.64880001068115,-0.5531931946539221
2025-12-17,55.939998626708984,56.97999954223633,55.20000076293945,55.22999954223633,125608,0.012122275436876606,0.013254892435473236,58.29749984741211,59.20940010070801,61.54110000610351,-0.547776879492446
2025-12-18,56.150001525878906,57.029998779296875,55.880001068115234,56.900001525878906,85735,0.003754074085186909,0.012700968132304926,58.13299999237061,59.08140014648438,61.410500030517575,-0.5460792003950262
2025-12-19,56.65999984741211,56.900001525878906,55.81999969482422,56.029998779296875,209264,0.009082783751985346,0.012957795258428058,58.00900001525879,58.98440017700195,61.2771000289917,-0.541956335931686
2025-12-22,58.0099983215332,58.130001068115234,56.599998474121094,56.630001068115234,221576,0.023826305643429135,0.013590201041376,58.0064998626709,58.96660011291504,61.16459999084473,-0.5310428475935581
2025-12-23,58.380001068115234,58.560001373291016,57.7400016784668,57.95000076293945,183633,0.006378258184584151,0.01331307662169951,57.983499908447264,58.94440010070801,61.07509998321533,-0.5280517177980025
2025-12-24,58.349998474121094,58.75,58.130001068115234,58.470001220703125,111762,-0.0005139190381160397,0.012849985975240088,58.003499794006345,58.93740005493164,60.99569995880127,-0.5282942610052322
2025-12-26,56.7400016784668,58.880001068115234,56.650001525878906,58.349998474121094,166669,-0.027592062343726576,0.01396909536337238,57.90799980163574,58.9068000793457,60.911499938964845,-0.5413095951634695
2025-12-29,58.08000183105469,58.29999923706055,56.90999984741211,57.040000915527344,178590,0.023616498289537935,0.01506022585030172,57.88449993133545,58.91920013427735,60.84879997253418,-0.5304769340022201
2025-12-30,57.95000076293945,58.470001220703125,57.599998474121094,57.810001373291016,143802,-0.002238310330867188,0.014726522820183083,57.81599998474121,58.92740013122559,60.78949996948242,-0.5315278723314234
2025-12-31,57.41999816894531,58.54999923706055,57.20000076293945,57.95000076293945,157160,-0.009145860000283057,0.014649310646873548,57.75499992370605,58.92540008544922,60.72489994049072,-0.5358124528251149
2026-01-02,57.31999969482422,57.93000030517578,56.599998474121094,57.40999984741211,189503,-0.0017415269472296213,0.014575987427585127,57.67349987030029,58.91540008544922,60.65849994659424,-0.5366208479470884
2026-01-05,58.31999969482422,58.5099983215332,56.310001373291016,57.470001220703125,301483,0.017445917748152073,0.01487517794864884,57.60599994659424,58.9118000793457,60.60999996185303,-0.5285367733741649
2026-01-06,57.130001068115234,58.869998931884766,56.84000015258789,58.34000015258789,292067,-0.020404640482441505,0.01535449436723167,57.458499908447266,58.81860008239746,60.55479995727539,-0.5381568110141569
2026-01-07,55.9900016784668,57.16999816894531,55.7599983215332,57.0,383128,-0.01995447870356648,0.015353356414927357,57.31399993896484,58.708400115966796,60.47509998321533,-0.5473726510931621
2026-01-08,57.7599983215332,58.7400016784668,55.970001220703125,56.41999816894531,334134,0.03161272709422214,0.016978836297239085,57.289499855041505,58.63740005493164,60.42469997406006,-0.533063866236789
2026-01-09,59.119998931884766,59.77000045776367,57.61000061035156,58.400001525878906,360309,0.023545717622442286,0.01778562740328335,57.32249984741211,58.61680000305176,60.38169998168945,-0.5220695198834855
2026-01-12,59.5,59.90999984741211,58.45000076293945,59.0,309700,0.006427623054476861,0.017445733702096584,57.41749992370605,58.59720001220703,60.35319999694824,-0.5189975629110514
2026-01-13,61.150001525878906,61.5,59.470001220703125,59.95000076293945,411190,0.02773111808199835,0.01833829212106776,57.60300006866455,58.60880004882812,60.3326000213623,-0.5056588275304087
2026-01-14,62.02000045776367,62.36000061035156,59.189998626708984,61.119998931884766,410261,0.01422729207155582,0.01817941829153347,57.863000106811526,58.629600067138675,60.3176000213623,-0.4986256912866885
2026-01-15,59.189998626708984,61.13999938964844,58.880001068115234,61.060001373291016,113642,-0.045630470979792226,0.020218933336390753,58.05900001525879,58.59240005493164,60.27290000915527,-0.5215036371304447
2026-01-16,59.439998626708984,60.18000030517578,58.939998626708984,59.2599983215332,113794,0.004223686531514614,0.02012117809142953,58.234000015258786,58.57,60.219299964904785,-0.5194826184872138
2026-01-20,60.34000015258789,60.68000030517578,58.70000076293945,59.0099983215332,499595,0.015141344997853023,0.02029705522535597,58.44349994659424,58.58480003356934,60.19019996643066,-0.5122069390362637
2026-01-21,60.619998931884766,60.88999938964844,59.220001220703125,59.56999969482422,333062,0.004640350987550779,0.02026049705045862,58.64149990081787,58.608600006103515,60.15489994049072,-0.5099434080241002
2026-01-22,59.36000061035156,60.81999969482422,58.959999084472656,60.68000030517578,324349,-0.020785192077436232,0.02036959514872242,58.70900001525879,58.600800018310544,60.10249996185303,-0.5201293284171331
2026-01-23,61.06999969482422,61.36000061035156,59.52000045776367,59.65999984741211,283419,0.028807261908526005,0.021259039298048024,58.843499946594235,58.619599990844726,60.07309993743897,-0.5063055682986253
2026-01-26,60.630001068115234,61.709999084472656,60.31999969482422,61.220001220703125,281062,-0.007204824445844471,0.021360880476798384,58.95750007629395,58.611399993896484,60.023499984741214,-0.5098625500089246
2026-01-27,62.38999938964844,62.630001068115234,60.13999938964844,60.779998779296875,360208,0.02902850553401648,0.020961869529872657,59.23999996185303,58.68939994812012,60.007699966430664,-0.49563459232942997
2026-01-28,63.209999084472656,63.56999969482422,62.06999969482422,62.58000183105469,354864,0.013143127149321199,0.020599135230667157,59.49649982452392,58.779799957275394,60.00499996185303,-0.48900565364669646
2026-01-29,65.41999816894531,66.4800033569336,63.279998779296875,63.5,560007,0.034962808360734954,0.02161840206955938,59.869999694824216,58.88639991760254,60.040499954223634,-0.47113985624172683
2026-01-30,65.20999908447266,66.11000061035156,63.63999938964844,65.5199966430664,449325,-0.0032100136097579224,0.021435107781605223,60.25949974060059,58.99239990234375,60.06999996185303,-0.4728375045008495
2026-02-02,62.13999938964844,64.73999786376953,61.38999938964844,64.72000122070312,414083,-0.04707866489688739,0.024536639597561992,60.5004997253418,59.02039985656738,60.06509994506836,-0.49765561097266087
2026-02-03,63.209999084472656,64.20999908447266,61.119998931884766,62.279998779296875,381144,0.017219177749178805,0.02453031376539247,60.744999694824216,59.095799865722654,60.06049995422363,-0.48900565364669646
2026-02-04,65.13999938964844,65.52999877929688,62.86000061035156,63.79999923706055,446588,0.03053314876016011,0.024472177237600545,61.14549961090088,59.21579986572266,60.08819995880127,-0.47340338725389036
2026-02-05,63.290000915527344,64.66999816894531,62.650001525878906,64.48999786376953,389763,-0.028400345278711825,0.025026010676078417,61.51049957275391,59.320399856567384,60.09419998168946,-0.48835891287848
2026-02-06,63.54999923706055,64.58000183105469,62.20000076293945,63.099998474121094,448924,0.004108047365652956,0.024315945650065503,61.79999961853027,59.414599838256834,60.096699981689454,-0.48625706705837063
2026-02-09,64.36000061035156,64.87999725341797,62.619998931884766,62.9900016784668,298005,0.01274589115681124,0.02400198069608176,62.06199970245361,59.54279983520508,60.095100021362306,-0.4797089555525156
2026-02-10,63.959999084472656,64.70999908447266,63.650001525878906,64.44000244140625,276292,-0.006215064047320307,0.02411562911802007,62.28499965667724,59.648999786376955,60.09419998168946,-0.4829425977170039
2026-02-11,64.62999725341797,65.83000183105469,64.1500015258789,64.19999694824219,340194,0.010475268582484487,0.023519431412496884,62.458999443054196,59.7705997467041,60.10479995727539,-0.47752628255552776
2026-02-12,62.84000015258789,65.0999984741211,62.38999938964844,64.87000274658203,369303,-0.02769607267367502,0.02432401217332898,62.49999942779541,59.84099975585937,60.10639995574951,-0.491996752603955
2026-02-13,62.88999938964844,63.2599983215332,62.13999938964844,62.9900016784668,255793,0.0007956594038691644,0.021721805170152254,62.68499946594238,59.92599975585937,60.108899955749514,-0.4915925550429682
2026-02-17,62.33000183105469,64.13999938964844,61.869998931884766,63.29999923706055,328727,-0.008904397583535784,0.021888919202291766,62.82949962615967,59.99359977722168,60.09809997558594,-0.4961196170672952
2026-02-18,65.19000244140625,65.55999755859375,62.119998931884766,62.29999923706055,115379,0.04588481511846543,0.02381074149100155,63.07199974060059,60.1039998626709,60.1001000213623,-0.4729991588546064
2026-02-19,66.43000030517578,66.9000015258789,64.87999725341797,65.0999984741211,113408,0.01902128880703846,0.024042580063274588,63.36249980926514,60.23099983215332,60.114599990844724,-0.4629749236536277
2026-02-20,66.38999938964844,67.05000305175781,65.94000244140625,66.66999816894531,351351,-0.0006021513675084078,0.023322225138340882,63.71399974822998,60.381199798583985,60.12129997253418,-0.463298294037736
2026-02-23,66.30999755859375,67.27999877929688,65.37999725341797,65.88999938964844,270365,-0.0012050283444823284,0.022726681630905486,63.975999641418454,60.54239974975586,60.14989994049072,-0.4639450348059525
2026-02-24,65.62999725341797,67.1500015258789,65.55000305175781,66.30999755859375,312124,-0.010254868499654402,0.022818488047780857,64.22599945068359,60.68579971313476,60.182499923706054,-0.4694422079826042
2026-02-25,65.41999816894531,66.5999984741211,65.12000274658203,66.06999969482422,306780,-0.0031997423931283686,0.022100827177971523,64.37749938964843,60.84219970703125,60.21889991760254,-0.47113985624172683
2026-02-26,65.20999908447266,66.70999908447266,63.599998474121094,65.6500015258789,498542,-0.0032100136097579224,0.021992717811544275,64.47749938964844,60.99759971618652,60.266199913024906,-0.4728375045008495
2026-02-27,67.0199966430664,67.83000183105469,64.8499984741211,65.3499984741211,437053,0.027756442018180172,0.021473503384496623,64.5574993133545,61.20159965515137,60.32759986877441,-0.4582053492603681
2026-03-02,71.2300033569336,75.33000183105469,69.19999694824219,75.0,881329,0.06281717285497268,0.025433332061549564,64.85849952697754,61.520799713134764,60.42299991607666,-0.4241713410329571
2026-03-03,74.55999755859375,77.9800033569336,70.41000366210938,71.2300033569336,1009753,0.046749881296137996,0.023986470552627752,65.4794994354248,61.89319969177246,60.55129989624024,-0.3972514195793336
2026-03-04,74.66000366210938,77.2300033569336,73.27999877929688,74.73999786376953,617822,0.0013412836211137424,0.023977542203298122,66.05199966430663,62.26339973449707,60.67239994049072,-0.39644296278076574
2026-03-05,81.01000213623047,82.16000366210938,74.97000122070312,76.1500015258789,707030,0.0850522121973023,0.02914197437502607,66.84549980163574,62.75039978027344,60.86739997863769,-0.3451091015780203
2026-03-06,90.9000015258789,92.61000061035156,78.23999786376953,79.08000183105469,996251,0.12208368261757263,0.03676706050520842,68.22599983215332,63.408199844360354,61.18739997863769,-0.2651576089859344
2026-03-09,94.7699966430664,119.4800033569336,81.19000244140625,98.0,1107193,0.04257420299476822,0.036959404950471675,69.78699970245361,64.13599975585937,61.54019992828369,-0.2338722798617408
2026-03-10,83.44999694824219,91.4800033569336,76.7300033569336,85.75,801564,-0.11944708342091537,0.04849564255317675,70.74149951934814,64.6379997253418,61.78769989013672,-0.3253840015601711
2026-03-11,87.25,88.98999786376953,81.79000091552734,86.88999938964844,538020,0.045536287486201754,0.04872962033767828,71.90599956512452,65.24819969177246,62.077499885559085,-0.2946644935124241
2026-03-12,95.7300033569336,97.19000244140625,88.61000061035156,89.31999969482422,548999,0.09719201555224743,0.05189440958667843,73.4609998703003,66.00119972229004,62.46019992828369,-0.22611151399633123
2026-03-13,98.70999908447266,99.31999969482422,92.04000091552734,96.73999786376953,436700,0.031129171869220817,0.0506340806404711,75.25449981689454,66.81639968872071,62.871899909973145,-0.202021006307912
2026-03-16,93.5,102.44000244140625,92.93000030517578,100.93000030517578,455454,-0.0527808644797384,0.05327766457082487,76.78499984741211,67.53799972534179,63.23169990539551,-0.24413902743165217
2026-03-17,96.20999908447266,98.41999816894531,93.83000183105469,94.41000366210938,308425,0.02898394742751509,0.05281588135674971,78.478999710083,68.31579971313477,63.61559989929199,-0.22223119274022077
2026-03-18,96.31999969482422,100.55000305175781,91.95999908447266,96.0,157222,0.0011433386487715858,0.05275514431759946,80.0354995727539,69.07579971313477,63.99379989624023,-0.22134193960307164
2026-03-19,96.13999938964844,101.4800033569336,92.80000305175781,99.12999725341797,118719,-0.0018687739383937974,0.053003310996009495,81.52099952697753,69.85599967956543,64.33729988098145,-0.22279707549326164
2026-03-20,98.31999969482422,99.66999816894531,93.41999816894531,95.0,461845,0.02267526855643509,0.05278245885726196,83.11749954223633,70.70259963989258,64.70549987792968,-0.20517379045722464
2026-03-23,88.12999725341797,101.66999816894531,84.37000274658203,100.51000213623047,666790,-0.10364119683721551,0.0595964103487014,84.20849952697753,71.30999961853027,64.97369983673096,-0.28755053009182535
2026-03-24,92.3499984741211,93.36000061035156,86.33999633789062,88.77999877929688,420067,0.04788382335436259,0.05966462789646456,85.5444995880127,71.974599609375,65.29569980621338,-0.25343572552583304
2026-03-25,90.31999969482422,91.7300033569336,86.45999908447266,88.48999786376953,405170,-0.02198157891540986,0.0601770212371242,86.78949966430665,72.59099960327148,65.59409980773925,-0.2698463870406127
2026-03-26,94.4800033569336,95.44000244140625,89.51000213623047,91.37999725341797,350768,0.046058499514673557,0.060271448389260025,88.25299987792968,73.25759963989258,65.93319984436035,-0.2362166072124856
2026-03-27,99.63999938964844,101.23999786376953,92.08000183105469,93.30999755859375,374920,0.05461468934564939,0.0607399043958781,89.88400001525879,74.00999961853027,66.31979984283447,-0.19450281448802936
2026-03-30,102.87999725341797,105.36000061035156,99.43000030517578,102.5999984741211,374075,0.03251704018081458,0.06003695210091061,91.46649971008301,74.88379959106446,66.73809982299805,-0.16831043014120362
2026-03-31,101.37999725341797,106.86000061035156,99.62000274658203,105.06999969482422,495395,-0.014580093701841212,0.06018047582884075,92.80749969482422,75.72259956359864,67.14629978179931,-0.1804365420005889
2026-04-01,100.12000274658203,103.30999755859375,96.5,101.72000122070312,434561,-0.012428433033849329,0.06044990866077432,94.08049964904785,76.51819961547852,67.55149982452393,-0.19062243155532457
2026-04-02,111.54000091552734,113.97000122070312,97.5,98.91999816894531,0,0.11406310283321663,0.062494055171039696,95.6069995880127,77.53659965515136,68.07259983062744,-0.09830231473492078
2026-04-06,112.41000366210938,115.4800033569336,108.88999938964844,112.95999908447266,271742,0.007799916975443688,0.057500161113835845,96.68249969482422,78.59759971618652,68.59919986724853,-0.09126914765290337
2026-04-07,112.94999694824219,117.62999725341797,109.19999694824219,112.62000274658203,429331,0.0048037831913605444,0.05707120895948029,97.59149971008301,79.63519966125489,69.12739982604981,-0.08690380165892769
2026-04-08,94.41000366210938,109.19000244140625,91.05000305175781,108.73999786376953,599576,-0.1641433712886997,0.06299085490794594,98.13950004577637,80.31079971313477,69.46109985351562,-0.23678248996552648
2026-04-09,97.87000274658203,102.69999694824219,95.25,96.77999877929688,427201,0.03664864898063014,0.0627440818820275,98.67050018310547,81.02039978027344,69.85489986419678,-0.20881159934440247
2026-04-10,96.56999969482422,100.41999816894531,95.51000213623047,98.2300033569336,314855,-0.013282957139829188,0.05921494591607753,98.7125,81.68759979248047,70.23369987487793,-0.21932092095984076
2026-04-13,99.08000183105469,105.62999725341797,97.02999877929688,102.0,344337,0.025991530953323627,0.05909377402270931,98.7310001373291,82.36079986572265,70.6235998916626,-0.19902987651235635
2026-04-14,91.27999877929688,98.0,91.05999755859375,97.98999786376953,315821,-0.07872429256771629,0.06062276396936999,98.62000007629395,82.88219985961913,70.93729988098144,-0.26208568285179745
2026-04-15,91.29000091552734,93.30000305175781,86.95999908447266,92.0199966430664,240397,0.00010957642817954749,0.060254597984326176,98.37400016784667,83.46519989013672,71.24279987335206,-0.2620048248366218
2026-04-16,94.69000244140625,95.44000244140625,90.5199966430664,91.47000122070312,194354,0.03724396419959519,0.06085416200533643,98.29250030517578,84.09479995727538,71.59529991149903,-0.234518958953363
2026-04-17,83.8499984741211,94.04000091552734,80.55999755859375,93.18000030517578,116624,-0.11447886458755663,0.06611462377607596,97.67800025939941,84.46899993896484,71.84239990234374,-0.3221503593956829
2026-04-20,89.61000061035156,91.19999694824219,87.0199966430664,89.0,115578,0.06869412332795921,0.06789226895707526,97.24250030517578,84.99539993286133,72.15789989471436,-0.27558607258619705
2026-04-21,92.12999725341797,94.44999694824219,87.76000213623047,87.88999938964844,383596,0.02812182374625838,0.0638155985946341,97.44250030517578,85.56699989318848,72.49079986572265,-0.2552142318001313
2026-04-22,92.95999908447266,93.7300033569336,87.63999938964844,90.0,299675,0.009009029152271086,0.063003378644306,97.47300033569336,86.1389998626709,72.840899848938,-0.24850443510222217
2026-04-23,95.8499984741211,98.38999938964844,92.30000305175781,92.9000015258789,365210,0.03108863401582318,0.0630443280836221,97.7495002746582,86.77679985046387,73.21289981842041,-0.2251414645206008
2026-04-24,94.4000015258789,97.8499984741211,92.68000030517578,96.62000274658203,330280,-0.0151277722621318,0.0624263574868811,97.74550018310546,87.37219993591309,73.57139984130859,-0.23686334798070213
2026-04-27,96.37000274658203,97.66999816894531,94.58999633789062,95.5999984741211,219055,0.020868656661653384,0.06137365352310632,97.58200035095214,88.04279998779298,73.94189987182617,-0.22093771120378775
2026-04-28,99.93000030517578,101.8499984741211,96.23999786376953,96.66999816894531,281078,0.03694093034276702,0.0615040529606145,97.43450050354004,88.78360000610351,74.35479988098145,-0.19215842546069023
2026-04-29,106.87999725341797,108.5999984741211,98.41999816894531,99.70999908447266,318841,0.06954865332750537,0.06327478678325599,97.70950050354004,89.67459991455078,74.83409984588623,-0.1359741318495096
2026-04-30,105.06999969482422,110.93000030517578,103.33999633789062,109.06999969482422,341994,-0.01693485783221116,0.06334673915551486,97.95700035095214,90.47219985961914,75.28809986114501,-0.15060628708999096
2026-05-01,101.94000244140625,106.6500015258789,99.30000305175781,105.13999938964844,268707,-0.029789637979528383,0.0581988825743072,97.4770004272461,91.18239990234375,75.70669986724853,-0.17590941829966758
2026-05-04,106.41999816894531,107.45999908447266,99.11000061035156,99.7300033569336,342843,0.043947377086969386,0.05909907605841113,97.1775001525879,91.98299987792969,76.18209983825683,-0.1396927987518631
2026-05-05,102.2699966430664,105.4800033569336,101.08000183105469,104.93000030517578,241150,-0.03899644425186555,0.059682396736122245,96.6435001373291,92.70219985961914,76.6222998046875,-0.17324172056481452
2026-05-06,95.08000183105469,102.69999694824219,88.66000366210938,102.69999694824219,423491,-0.07030404857746886,0.04911360617855559,96.67700004577637,93.29119995117188,76.98849983215332,-0.2313661748040504
2026-05-07,94.80999755859375,97.98999786376953,89.8499984741211,96.30000305175781,392091,-0.002839758805860182,0.04841622504915946,96.52399978637695,93.87899993896484,77.36059982299804,-0.23354890947763254
2026-05-08,95.41999816894531,98.63999938964844,93.81999969482422,98.25,243423,0.006433927075829571,0.04834175654644645,96.46649971008301,94.4831999206543,77.74039981842041,-0.22861761905402167
2026-05-11,98.06999969482422,100.37000274658203,96.12999725341797,98.19000244140625,256251,0.02777197208898463,0.0483927049838703,96.41599960327149,95.10419998168945,78.15289981842041,-0.2071948091004555
2026-05-12,102.18000030517578,102.72000122070312,98.0,98.38999938964844,231747,0.04190884697808839,0.0454073092588254,96.96099967956543,95.7231999206543,78.62199981689453,-0.17396925767161234
2026-05-13,101.0199966430664,103.66999816894531,100.55999755859375,102.16000366210938,212582,-0.01135255097518939,0.045566402883106025,97.44749946594239,96.25239990234375,79.07279979705811,-0.1833468137809689
2026-05-14,101.16999816894531,102.3499984741211,99.38999938964844,101.0199966430664,173862,0.001484869638324282,0.04497729367396363,97.77149925231933,96.78259979248047,79.52299976348877,-0.1821341902597115
2026-05-15,105.41999816894531,106.0,101.4800033569336,102.05999755859375,96552,0.0420085013039424,0.03592782184854827,98.84999923706054,97.27079971313476,80.0105997467041,-0.1477768733247866
2026-05-18,108.66000366210938,109.47000122070312,102.6500015258789,106.0,117910,0.030734258674256942,0.03371668586877886,99.80249938964843,97.62599975585937,80.51709980010986,-0.12158442730136652
2026-05-19,107.7699966430664,109.23999786376953,106.76000213623047,107.11000061035156,206472,-0.008190750865521235,0.03367997844559986,100.58449935913086,97.88599975585937,81.01099975585937,-0.12877931041373522
2026-05-20,98.26000213623047,104.44999694824219,96.94000244140625,104.12000274658203,320034,-0.08824343326587436,0.04001394422308851,100.84949951171875,98.18219985961915,81.41009979248047,-0.20565881519508986
2026-05-21,96.3499984741211,102.66000366210938,95.76000213623047,98.94999694824219,345482,-0.019438261964021653,0.039777948792834354,100.87449951171875,98.36419982910157,81.80619976043701,-0.22109942723413903
2026-05-22,96.5999984741211,99.43000030517578,94.7300033569336,98.0,261142,0.0025947068392238037,0.039596245051063,100.98449935913087,98.3815997314453,82.19139972686767,-0.21907840859090816
2026-05-26,93.88999938964844,94.69999694824219,89.41000366210938,93.87999725341797,358867,-0.02805382119336841,0.039873410968834476,100.86049919128418,98.28519973754882,82.55079971313477,-0.24098624328233953
2026-05-27,88.68000030517578,93.69000244140625,87.7699966430664,93.38999938964844,290948,-0.05549045817809506,0.04064980448456559,100.29799919128418,98.18879974365234,82.86339973449707,-0.28310426440607966
2026-05-28,88.9000015258789,92.5199966430664,87.11000061035156,89.11000061035156,235145,0.002480843707104441,0.036740780752077866,99.39899940490723,98.04259979248047,83.17919975280762,-0.2813257581317814
2026-05-29,87.36000061035156,89.0199966430664,86.3499984741211,88.55000305175781,235145,-0.01732284464673539,0.03674556345830231,98.5134994506836,97.86339981079101,83.4695997619629,-0.2937752403752749
